year,color,mileage,motor,shasi,body,Insurance,price
۱۳۸۶,نوک‌مدادی,۱٬۱۱۱,سالم,سالم و پلمپ,رنگ‌شدگی,۶ ماه,۲۳۳٬۰۰۰٬۰۰۰ تومان
۱۳۹۰,سفید,۲۴۰٬۰۰۰,سالم,سالم و پلمپ,خط و خش جزیی,,۲۹۰٬۰۰۰٬۰۰۰ تومان
,,,,,,,
۱۳۹۹,سفید,۴۲٬۰۰۰,سالم,سالم و پلمپ,خط و خش جزیی,۲ ماه,۴۲۵٬۰۰۰٬۰۰۰ تومان
۱۳۹۵,سفید,۱۰۰٬۰۰۰,سالم,سالم و پلمپ,خط و خش جزیی,۴ ماه,۳۴۵٬۰۰۰٬۰۰۰ تومان
۱۳۸۳,نقره‌ای,۳۷۰٬۰۰۰,سالم,سالم و پلمپ,رنگ‌شدگی,۶ ماه,۲۰۰٬۰۰۰٬۰۰۰ تومان
۱۴۰۱,سفید,۱٬۰۰۶,سالم,سالم و پلمپ,سالم و بی‌خط و خش,۵ ماه,۵۱۰٬۰۰۰٬۰۰۰ تومان
۱۳۹۹,سفید,۷۰٬۰۰۰,سالم,سالم و پلمپ,خط و خش جزیی,۱ ماه,۴۳۰٬۰۰۰٬۰۰۰ تومان
,,,,,,,
۱۴۰۱,سفید,۰,سالم,سالم و پلمپ,سالم و بی‌خط و خش,,۱۱۱٬۱۱۱٬۱۱۱ تومان
۱۳۹۵,سفید,۱۱۰٬۰۰۰,سالم,سالم و پلمپ,تصادفی,۹ ماه,۲۱۹٬۰۰۰٬۰۰۰ تومان
۱۳۸۹,گیلاسی,۲۰۰٬۰۰۰,سالم,ضربه‌خورده,رنگ‌شدگی,,۲۵۵٬۰۰۰٬۰۰۰ تومان
۱۴۰۱,سفید,۰,سالم,سالم و پلمپ,سالم و بی‌خط و خش,۵ ماه,۵۰۵٬۰۰۰٬۰۰۰ تومان
۱۳۸۳,نقره‌ای,۲۵۰٬۰۰۰,سالم,سالم و پلمپ,دوررنگ,۱ ماه,۲۱۰٬۰۰۰٬۰۰۰ تومان
۱۳۸۲,نقره‌ای,۲۹۰٬۰۰۰,سالم,سالم و پلمپ,رنگ‌شدگی,۸ ماه,۲۱۵٬۰۰۰٬۰۰۰ تومان
۱۳۸۱,سفید,۴۰۰٬۰۰۰,سالم,سالم و پلمپ,رنگ‌شدگی,۱۰ ماه,۱۸۵٬۰۰۰٬۰۰۰ تومان
۱۳۹۱,سفید,۱۶۰٬۰۰۰,سالم,سالم و پلمپ,سالم و بی‌خط و خش,۱۰ ماه,۳۱۵٬۰۰۰٬۰۰۰ تومان
۱۳۹۷,سفید,۹۰٬۰۰۰,سالم,سالم و پلمپ,خط و خش جزیی,۱ ماه,۳۹۰٬۰۰۰٬۰۰۰ تومان
۱۳۸۴,خاکستری,۱۹۵٬۰۰۰,سالم,سالم و پلمپ,صافکاری بی‌رنگ,۳ ماه,۲۸۵٬۰۰۰٬۰۰۰ تومان
۱۳۸۳,بژ,۳۱۴٬۰۰۰,سالم,سالم و پلمپ,خط و خش جزیی,۱۲ ماه,۲۱۵٬۰۰۰٬۰۰۰ تومان
۱۳۸۲,نقره‌ای,۴۹۸٬۰۰۰,سالم,سالم و پلمپ,دوررنگ,۶ ماه,۱۸۸٬۰۰۰٬۰۰۰ تومان
۱۳۸۴,خاکستری,۲۷۰٬۰۰۰,سالم,سالم و پلمپ,دوررنگ,۳ ماه,۲۴۵٬۰۰۰٬۰۰۰ تومان
۱۳۸۷,خاکستری,۲۴۰٬۰۰۰,سالم,سالم و پلمپ,سالم و بی‌خط و خش,۱۲ ماه,۲۴۰٬۰۰۰٬۰۰۰ تومان
۱۴۰۱,سفید,۱۵٬۰۰۰,سالم,سالم و پلمپ,سالم و بی‌خط و خش,۶ ماه,۴۵۵٬۰۰۰٬۰۰۰ تومان
۱۳۸۲,نقره‌ای,۴۹۸٬۰۰۰,سالم,سالم و پلمپ,دوررنگ,۶ ماه,۱۸۸٬۰۰۰٬۰۰۰ تومان
۱۳۸۴,خاکستری,۲۷۰٬۰۰۰,سالم,سالم و پلمپ,دوررنگ,۳ ماه,۲۴۵٬۰۰۰٬۰۰۰ تومان
۱۳۸۷,خاکستری,۲۴۰٬۰۰۰,سالم,سالم و پلمپ,سالم و بی‌خط و خش,۱۲ ماه,۲۴۰٬۰۰۰٬۰۰۰ تومان
۱۴۰۱,سفید,۱۵٬۰۰۰,سالم,سالم و پلمپ,سالم و بی‌خط و خش,۶ ماه,۴۵۵٬۰۰۰٬۰۰۰ تومان
۱۴۰۰,سفید,۶۷٬۰۰۰,سالم,سالم و پلمپ,خط و خش جزیی,۲ ماه,۴۲۰٬۰۰۰٬۰۰۰ تومان
۱۴۰۱,سفید,۱۲٬۰۰۰,سالم,سالم و پلمپ,سالم و بی‌خط و خش,,۴۸۷٬۰۰۰٬۰۰۰ تومان
۱۳۹۸,خاکستری,۵۳٬۰۰۰,سالم,سالم و پلمپ,خط و خش جزیی,۲ ماه,۳۹۰٬۰۰۰٬۰۰۰ تومان
۱۳۸۵,سفید,۳۰٬۰۰۰,سالم,رنگ‌شده,رنگ‌شدگی,۱۲ ماه,۲۶۰٬۰۰۰٬۰۰۰ تومان
,,,,,,,
۱۳۹۹,سفید,۵۹٬۰۰۰,سالم,سالم و پلمپ,رنگ‌شدگی,۲ ماه,۳۷۳٬۰۰۰٬۰۰۰ تومان
۱۴۰۱,سفید,۱٬۹۸۰,سالم,سالم و پلمپ,سالم و بی‌خط و خش,۸ ماه,۵۰۰٬۰۰۰٬۰۰۰ تومان
۱۳۹۶,سفید,۹۸٬۰۰۰,سالم,سالم و پلمپ,سالم و بی‌خط و خش,۶ ماه,۳۴۸٬۰۰۰٬۰۰۰ تومان
۱۳۸۹,خاکستری,۱۹۲٬۰۰۰,سالم,سالم و پلمپ,سالم و بی‌خط و خش,۳ ماه,۲۶۰٬۰۰۰٬۰۰۰ تومان
,,,,,,,
۱۳۹۹,سفید,۶۳٬۰۰۰,سالم,سالم و پلمپ,سالم و بی‌خط و خش,۱۲ ماه,۴۱۵٬۰۰۰٬۰۰۰ تومان
۱۳۸۴,نوک‌مدادی,۲۴۰٬۰۰۰,سالم,سالم و پلمپ,سالم و بی‌خط و خش,۲ ماه,۱۶۹٬۰۰۰٬۰۰۰ تومان
۱۳۸۲,نقره‌ای,۴۰۰٬۰۰۰,نیاز به تعمیر,سالم و پلمپ,اوراقی,۵ ماه,۴۰٬۰۰۰٬۰۰۰ تومان
۱۳۹۶,خاکستری,۷۹٬۰۰۰,سالم,سالم و پلمپ,رنگ‌شدگی,۶ ماه,۳۵۵٬۰۰۰٬۰۰۰ تومان
۱۴۰۱,سفید,۲۵٬۰۰۰,سالم,سالم و پلمپ,رنگ‌شدگی,۱۰ ماه,۴۱۰٬۰۰۰٬۰۰۰ تومان
۱۳۸۷,سفید,۲۱۸٬۰۰۰,سالم,سالم و پلمپ,رنگ‌شدگی,۹ ماه,۲۴۹٬۰۰۰٬۰۰۰ تومان
۱۳۸۷,سفید,۳۰۱٬۰۰۰,سالم,سالم و پلمپ,خط و خش جزیی,۲ ماه,۲۴۰٬۰۰۰٬۰۰۰ تومان
۱۳۸۸,سفید,۲۳۷٬۰۰۰,سالم,سالم و پلمپ,رنگ‌شدگی,۶ ماه,۲۴۵٬۰۰۰٬۰۰۰ تومان
۱۳۸۹,نوک‌مدادی,۲۸۰٬۰۰۰,سالم,سالم و پلمپ,رنگ‌شدگی,۱۲ ماه,۲۵۵٬۰۰۰٬۰۰۰ تومان
۱۳۹۸,سفید,۷۰٬۰۰۰,سالم,سالم و پلمپ,سالم و بی‌خط و خش,۶ ماه,۴۱۰٬۰۰۰٬۰۰۰ تومان
۱۳۹۷,سفید,۱۰۵٬۰۰۰,سالم,سالم و پلمپ,خط و خش جزیی,۸ ماه,۳۳۰٬۰۰۰٬۰۰۰ تومان
۱۳۹۷,سفید,۶۳٬۰۰۰,سالم,سالم و پلمپ,خط و خش جزیی,۸ ماه,۳۶۰٬۰۰۰٬۰۰۰ تومان
۱۳۹۸,سفید,۶۰٬۰۰۰,سالم,سالم و پلمپ,خط و خش جزیی,۱۰ ماه,۳۹۰٬۰۰۰٬۰۰۰ تومان
۱۳۸۸,سفید,۱۶۷٬۰۰۰,سالم,سالم و پلمپ,سالم و بی‌خط و خش,۱۲ ماه,۲۵۰٬۰۰۰٬۰۰۰ تومان
۱۳۹۷,سفید,۸۳٬۰۰۰,سالم,سالم و پلمپ,سالم و بی‌خط و خش,۶ ماه,۳۷۵٬۰۰۰٬۰۰۰ تومان
۱۳۸۶,نوک‌مدادی,۲۸۰٬۰۰۰,سالم,سالم و پلمپ,خط و خش جزیی,۴ ماه,۲۳۰٬۰۰۰٬۰۰۰ تومان
۱۳۹۹,سفید صدفی,۹۱٬۶۰۰,سالم,سالم و پلمپ,خط و خش جزیی,۱۲ ماه,۳۸۷٬۰۰۰٬۰۰۰ تومان
,,,,,,,
۱۳۹۹,خاکستری,۵۰٬۰۰۰,سالم,سالم و پلمپ,سالم و بی‌خط و خش,۶ ماه,۴۱۵٬۰۰۰٬۰۰۰ تومان
۱۳۹۷,سفید,۵۰٬۰۰۰,سالم,سالم و پلمپ,رنگ‌شدگی,۶ ماه,۳۵۵٬۰۰۰٬۰۰۰ تومان
,,,,,,,
۱۳۸۳,نقره‌ای,۲۹۰٬۰۰۰,سالم,سالم و پلمپ,سالم و بی‌خط و خش,۵ ماه,۲۰۸٬۰۰۰٬۰۰۰ تومان
۱۳۸۱,آبی,۴۸۰٬۰۰۰,سالم,سالم و پلمپ,دوررنگ,۱۲ ماه,۲۲۰٬۰۰۰٬۰۰۰ تومان
۱۳۹۷,سفید,۱۳۰٬۰۰۰,سالم,ضربه‌خورده,رنگ‌شدگی,۱۲ ماه,۳۲۰٬۰۰۰٬۰۰۰ تومان
۱۳۹۶,سفید,۸۸٬۰۰۰,سالم,سالم و پلمپ,رنگ‌شدگی,۴ ماه,۳۳۸٬۰۰۰٬۰۰۰ تومان
۱۳۹۸,سفید,۶۰٬۰۰۰,سالم,سالم و پلمپ,سالم و بی‌خط و خش,۳ ماه,۴۲۸٬۰۰۰٬۰۰۰ تومان
۱۳۸۸,خاکستری,۲۲۸٬۰۰۰,سالم,سالم و پلمپ,رنگ‌شدگی,۸ ماه,۲۷۰٬۰۰۰٬۰۰۰ تومان
۱۴۰۱,سفید,۱۶٬۰۰۰,سالم,سالم و پلمپ,سالم و بی‌خط و خش,۲ ماه,۴۶۵٬۰۰۰٬۰۰۰ تومان
۱۳۹۰,سفید,۲۱۸٬۰۵۵,سالم,سالم و پلمپ,رنگ‌شدگی,,۲۰۰٬۰۰۰٬۰۰۰ تومان
۱۳۸۳,بژ,۲۸۰٬۰۰۰,سالم,سالم و پلمپ,خط و خش جزیی,۱۲ ماه,۲۴۰٬۰۰۰٬۰۰۰ تومان
۱۳۸۴,خاکستری,۲۴۶٬۰۰۰,سالم,سالم و پلمپ,رنگ‌شدگی,۵ ماه,۱۹۰٬۰۰۰٬۰۰۰ تومان
۱۳۸۳,نقره‌ای,۱۸۵٬۰۰۰,سالم,سالم و پلمپ,سالم و بی‌خط و خش,۴ ماه,۱۵۵٬۰۰۰٬۰۰۰ تومان
۱۳۹۸,سفید,۷۰٬۰۰۰,سالم,سالم و پلمپ,سالم و بی‌خط و خش,۹ ماه,۳۹۸٬۰۰۰٬۰۰۰ تومان
۱۳۹۰,گیلاسی,۳۰۹٬۵۰۰,سالم,سالم و پلمپ,صافکاری بی‌رنگ,۱ ماه,۲۷۸٬۰۰۰٬۰۰۰ تومان
۱۴۰۱,خاکستری,۴٬۰۰۰,سالم,سالم و پلمپ,سالم و بی‌خط و خش,۶ ماه,۴۷۵٬۰۰۰٬۰۰۰ تومان
۱۳۸۶,نوک‌مدادی,۲۰۰٬۰۰۰,سالم,سالم و پلمپ,خط و خش جزیی,۴ ماه,۲۳۰٬۰۰۰٬۰۰۰ تومان
۱۳۸۳,نوک‌مدادی,۱۹۵٬۰۰۰,سالم,سالم و پلمپ,سالم و بی‌خط و خش,۱۱ ماه,۲۱۰٬۰۰۰٬۰۰۰ تومان
۱۳۹۷,سفید,۸۸٬۰۰۰,سالم,,سالم و بی‌خط و خش,۱۱ ماه,۳۹۸٬۰۰۰٬۰۰۰ تومان
۱۳۹۹,سفید,۵۳٬۰۰۰,سالم,,رنگ‌شدگی,۵ ماه,۴۴۵٬۰۰۰٬۰۰۰ تومان
۱۳۹۶,سفید,۱۸۰٬۰۰۰,سالم,سالم و پلمپ,سالم و بی‌خط و خش,۱۲ ماه,۳۶۵٬۰۰۰٬۰۰۰ تومان
۱۳۹۵,بادمجانی,۱۵۹٬۰۰۰,سالم,سالم و پلمپ,تمام‌رنگ,۴ ماه,۲۸۰٬۰۰۰٬۰۰۰ تومان
۱۴۰۰,سفید,۳۹٬۵۰۰,,,سالم و بی‌خط و خش,۸ ماه,۴۴۵٬۰۰۰٬۰۰۰ تومان
۱۳۹۴,سفید,۱۸۰٬۰۰۰,سالم,سالم و پلمپ,سالم و بی‌خط و خش,۸ ماه,۳۳۰٬۰۰۰٬۰۰۰ تومان
۱۴۰۰,سفید,۳۴٬۰۰۰,سالم,سالم و پلمپ,سالم و بی‌خط و خش,۱۰ ماه,۴۲۰٬۰۰۰٬۰۰۰ تومان
۱۳۸۷,قهوه‌ای,۲۳۰٬۰۰۰,سالم,سالم و پلمپ,خط و خش جزیی,۹ ماه,۲۴۵٬۰۰۰٬۰۰۰ تومان
۱۳۹۴,نوک‌مدادی,۱۳۵٬۰۰۰,سالم,سالم و پلمپ,خط و خش جزیی,۱ ماه,۲۷۵٬۰۰۰٬۰۰۰ تومان
۱۳۹۹,سفید,۳۵٬۰۰۰,سالم,سالم و پلمپ,سالم و بی‌خط و خش,۸ ماه,۴۵۰٬۰۰۰٬۰۰۰ تومان
۱۴۰۰,سفید,۰,سالم,سالم و پلمپ,سالم و بی‌خط و خش,۱۲ ماه,۴۹۵٬۰۰۰٬۰۰۰ تومان
۱۳۸۲,نقره‌ای,۱۶۵٬۰۰۰,سالم,سالم و پلمپ,دوررنگ,۹ ماه,۱۵۳٬۰۰۰٬۰۰۰ تومان
۱۳۸۳,آلبالویی,۴۲۰٬۰۰۰,سالم,سالم و پلمپ,دوررنگ,۵ ماه,۱۶۵٬۰۰۰٬۰۰۰ تومان
۱۳۹۰,سفید,۱۹۰٬۰۰۰,سالم,سالم و پلمپ,رنگ‌شدگی، در ۱ ناحیه,۶ ماه,۳۰۵٬۰۰۰٬۰۰۰ تومان
۱۳۹۶,سفید,۷۷٬۹۰۰,سالم,سالم و پلمپ,سالم و بی‌خط و خش,۵ ماه,۳۶۰٬۰۰۰٬۰۰۰ تومان
۱۳۹۹,سفید,۳۳٬۰۰۰,سالم,سالم و پلمپ,سالم و بی‌خط و خش,۶ ماه,۴۳۵٬۰۰۰٬۰۰۰ تومان
۱۳۹۹,مشکی,۳۲٬۰۰۰,سالم,سالم و پلمپ,سالم و بی‌خط و خش,۱۲ ماه,۴۶۰٬۰۰۰٬۰۰۰ تومان
۱۳۹۶,سفید,۸۲٬۰۰۰,سالم,سالم و پلمپ,سالم و بی‌خط و خش,۷ ماه,۳۷۰٬۰۰۰٬۰۰۰ تومان
۱۳۸۹,سفید,۱۵۷٬۰۰۰,سالم,سالم و پلمپ,رنگ‌شدگی,۶ ماه,۲۷۷٬۰۰۰٬۰۰۰ تومان
۱۳۸۱,سفید,۳۳۵٬۰۰۰,سالم,سالم و پلمپ,رنگ‌شدگی,۹ ماه,۲۲۵٬۰۰۰٬۰۰۰ تومان
۱۳۸۹,سفید,۱۹۰٬۰۰۰,سالم,سالم و پلمپ,خط و خش جزیی,۴ ماه,۲۳۳٬۰۰۰٬۰۰۰ تومان
,,,,,,,
۱۳۸۹,خاکستری,۱۲۵٬۰۰۰,سالم,سالم و پلمپ,خط و خش جزیی,۷ ماه,۲۷۰٬۰۰۰٬۰۰۰ تومان
۱۳۹۶,سفید,۱۲۰٬۰۰۰,سالم,سالم و پلمپ,سالم و بی‌خط و خش,۶ ماه,۳۹۸٬۰۰۰٬۰۰۰ تومان
۱۳۹۶,سفید,۱۱۰٬۰۰۰,سالم,سالم و پلمپ,سالم و بی‌خط و خش,۸ ماه,۳۶۷٬۰۰۰٬۰۰۰ تومان
۱۳۹۹,سفید,۳۵٬۲۰۰,سالم,سالم و پلمپ,سالم و بی‌خط و خش,۱۱ ماه,۴۲۰٬۰۰۰٬۰۰۰ تومان
۱۳۹۶,سفید,۱۲۵٬۰۰۰,سالم,سالم و پلمپ,سالم و بی‌خط و خش,۵ ماه,۳۴۲٬۰۰۰٬۰۰۰ تومان
۱۳۸۳,نقره‌ای,۲۳۱٬۰۰۰,سالم,سالم و پلمپ,خط و خش جزیی,۶ ماه,۲۲۰٬۰۰۰٬۰۰۰ تومان
۱۳۹۹,سفید,۴۶٬۰۰۰,سالم,سالم و پلمپ,سالم و بی‌خط و خش,۴ ماه,۴۰۳٬۰۰۰٬۰۰۰ تومان
۱۳۹۶,سفید,۹۰٬۰۰۰,سالم,سالم و پلمپ,سالم و بی‌خط و خش,۳ ماه,۳۳۵٬۰۰۰٬۰۰۰ تومان
۱۳۸۹,سفید,۱۵۰٬۰۰۰,سالم,سالم و پلمپ,خط و خش جزیی,۸ ماه,۲۳۵٬۰۰۰٬۰۰۰ تومان
۱۳۹۰,سفید,۱۵۶٬۰۰۰,سالم,سالم و پلمپ,خط و خش جزیی,۱۱ ماه,۲۷۵٬۰۰۰٬۰۰۰ تومان
۱۳۹۱,خاکستری,۱۹۵٬۰۰۰,سالم,ضربه‌خورده,خط و خش جزیی,۱۲ ماه,۲۷۰٬۰۰۰٬۰۰۰ تومان
۱۳۹۹,سفید,۳۲٬۰۰۰,سالم,سالم و پلمپ,سالم و بی‌خط و خش,۱۲ ماه,۴۳۰٬۰۰۰٬۰۰۰ تومان
۱۳۹۱,سفید,۱۴۹٬۰۰۰,سالم,سالم و پلمپ,رنگ‌شدگی,۳ ماه,۲۹۸٬۰۰۰٬۰۰۰ تومان
۱۳۸۶,خاکستری,۲۸۰٬۰۰۰,سالم,سالم و پلمپ,خط و خش جزیی,۹ ماه,۲۰۰٬۰۰۰٬۰۰۰ تومان
۱۳۹۷,سفید,۷۴٬۰۰۰,سالم,سالم و پلمپ,سالم و بی‌خط و خش,۹ ماه,۳۷۵٬۰۰۰٬۰۰۰ تومان
۱۳۹۶,سفید,۹۷٬۰۰۰,سالم,سالم و پلمپ,خط و خش جزیی,۵ ماه,۳۳۵٬۰۰۰٬۰۰۰ تومان
۱۳۹۹,سفید,۲۶٬۰۰۰,سالم,سالم و پلمپ,سالم و بی‌خط و خش,۷ ماه,۴۱۹٬۰۰۰٬۰۰۰ تومان
۱۳۹۰,سفید,۱۳۲٬۰۰۰,سالم,سالم و پلمپ,خط و خش جزیی,۱۲ ماه,۳۰۰٬۰۰۰٬۰۰۰ تومان
۱۳۸۲,یشمی,۴۸۰٬۰۰۰,سالم,سالم و پلمپ,دوررنگ,۱ ماه,۱۶۷٬۰۰۰٬۰۰۰ تومان
۱۴۰۱,سفید,۰,سالم,سالم و پلمپ,سالم و بی‌خط و خش,۱۲ ماه,۴۹۰٬۰۰۰٬۰۰۰ تومان
,,,,,,,
۱۳۹۸,سفید,۳۹٬۵۰۰,سالم,سالم و پلمپ,سالم و بی‌خط و خش,۴ ماه,۴۰۹٬۰۰۰٬۰۰۰ تومان
۱۴۰۰,سفید,۲۲٬۰۰۰,سالم,سالم و پلمپ,سالم و بی‌خط و خش,۶ ماه,۴۴۰٬۰۰۰٬۰۰۰ تومان
۱۳۹۸,سفید,۴۸٬۰۰۰,سالم,سالم و پلمپ,خط و خش جزیی,۲ ماه,۴۱۰٬۰۰۰٬۰۰۰ تومان
,,,,,,,
,,,,,,,
۱۳۸۹,سفید صدفی,۲۸٬۵۰۰,سالم,سالم و پلمپ,رنگ‌شدگی,۱۲ ماه,۲۶۵٬۰۰۰٬۰۰۰ تومان
۱۳۹۵,سفید,۱۹۵٬۰۰۰,سالم,سالم و پلمپ,خط و خش جزیی,۱۱ ماه,۳۳۰٬۰۰۰٬۰۰۰ تومان
۱۳۹۶,سفید,۱۱۰٬۰۰۰,سالم,سالم و پلمپ,خط و خش جزیی,۸ ماه,۳۶۵٬۰۰۰٬۰۰۰ تومان
۱۳۹۸,سفید,۸۰٬۰۰۰,سالم,سالم و پلمپ,سالم و بی‌خط و خش,۱۲ ماه,۳۹۰٬۰۰۰٬۰۰۰ تومان
۱۴۰۰,سفید,۲۷٬۰۰۰,سالم,سالم و پلمپ,سالم و بی‌خط و خش,۶ ماه,۴۵۰٬۰۰۰٬۰۰۰ تومان
۱۳۹۴,سفید,۷۰٬۰۰۰,سالم,سالم و پلمپ,رنگ‌شدگی، در ۱ ناحیه,۶ ماه,۳۴۰٬۰۰۰٬۰۰۰ تومان
۱۳۹۸,سفید,۴۴٬۰۰۰,سالم,سالم و پلمپ,خط و خش جزیی,۹ ماه,۳۸۹٬۰۰۰٬۰۰۰ تومان
۱۳۹۷,سفید,۲۲۳٬۰۰۰,سالم,,رنگ‌شدگی,۱۰ ماه,۲۹۰٬۰۰۰٬۰۰۰ تومان
۱۳۸۲,مشکی,۳۷۸٬۰۰۰,سالم,سالم و پلمپ,تمام‌رنگ,۹ ماه,۱۴۵٬۰۰۰٬۰۰۰ تومان
۱۳۹۴,قرمز,۱۵۴٬۰۰۰,سالم,سالم و پلمپ,سالم و بی‌خط و خش,۱ ماه,۳۰۶٬۰۰۰٬۰۰۰ تومان
۱۳۸۶,سفید,۱۵۰٬۰۰۰,سالم,سالم و پلمپ,رنگ‌شدگی,۷ ماه,۲۳۴٬۰۰۰٬۰۰۰ تومان
۱۴۰۱,سفید,۱۱٬۰۰۰,سالم,سالم و پلمپ,سالم و بی‌خط و خش,۵ ماه,۴۷۰٬۰۰۰٬۰۰۰ تومان
۱۳۹۸,سفید,۷۵٬۰۰۰,سالم,سالم و پلمپ,سالم و بی‌خط و خش,۹ ماه,۳۸۰٬۰۰۰٬۰۰۰ تومان
۱۳۹۷,سفید,۷۳٬۰۰۰,سالم,سالم و پلمپ,سالم و بی‌خط و خش,۱۰ ماه,۳۷۵٬۰۰۰٬۰۰۰ تومان
۱۳۸۳,نقره‌ای,۳۰۰٬۰۰۰,سالم,سالم و پلمپ,تمام‌رنگ,۶ ماه,۱۳۵٬۰۰۰٬۰۰۰ تومان
۱۳۹۹,سفید,۳۵٬۰۰۰,سالم,سالم و پلمپ,سالم و بی‌خط و خش,۱۱ ماه,۴۱۹٬۰۰۰٬۰۰۰ تومان
۱۳۸۵,نقره‌ای,۲۹۰٬۰۰۰,سالم,سالم و پلمپ,خط و خش جزیی,۱۲ ماه,۲۲۰٬۰۰۰٬۰۰۰ تومان
۱۳۹۵,سفید,۱۴۰٬۰۰۰,سالم,,صافکاری بی‌رنگ,,۳۳۵٬۰۰۰٬۰۰۰ تومان
۱۳۸۸,نقره‌ای,۲۷۰٬۰۰۰,سالم,سالم و پلمپ,تمام‌رنگ,۱۲ ماه,۱۸۹٬۰۰۰٬۰۰۰ تومان
۱۳۹۹,سفید,۳۶٬۹۰۰,سالم,سالم و پلمپ,سالم و بی‌خط و خش,۳ ماه,۳۹۰٬۰۰۰٬۰۰۰ تومان
۱۳۹۰,مشکی,۱۸۵٬۰۰۰,سالم,سالم و پلمپ,خط و خش جزیی,۶ ماه,۲۳۰٬۰۰۰٬۰۰۰ تومان
۱۳۸۲,سفید,۱۷۰٬۰۰۰,سالم,سالم و پلمپ,سالم و بی‌خط و خش,۶ ماه,۲۳۶٬۰۰۰٬۰۰۰ تومان
۱۳۹۹,سفید,۶۳٬۰۰۰,سالم,سالم و پلمپ,خط و خش جزیی,۶ ماه,۴۲۰٬۰۰۰٬۰۰۰ تومان
۱۳۸۹,نوک‌مدادی,۱۷۰٬۰۰۰,سالم,سالم و پلمپ,خط و خش جزیی,۵ ماه,۲۶۵٬۰۰۰٬۰۰۰ تومان
۱۳۸۶,نقره‌ای,۳۰۰٬۰۰۰,سالم,سالم و پلمپ,خط و خش جزیی,۱۰ ماه,۲۱۰٬۰۰۰٬۰۰۰ تومان
۱۳۹۰,سفید,۱۸۳٬۰۰۰,سالم,سالم و پلمپ,سالم و بی‌خط و خش,۱۰ ماه,۲۹۲٬۰۰۰٬۰۰۰ تومان
۱۴۰۱,سفید,۰,سالم,سالم و پلمپ,سالم و بی‌خط و خش,۱۲ ماه,۱۱۱٬۱۱۱٬۱۱۱ تومان
۱۳۹۶,سفید,۱۲۳٬۰۰۰,سالم,سالم و پلمپ,صافکاری بی‌رنگ,۲ ماه,۳۴۰٬۰۰۰٬۰۰۰ تومان
۱۳۹۰,خاکستری,۱۹۰٬۰۰۰,سالم,سالم و پلمپ,سالم و بی‌خط و خش,۶ ماه,۲۷۰٬۰۰۰٬۰۰۰ تومان
۱۳۹۰,سفید,۱۷۰٬۰۰۰,سالم,سالم و پلمپ,خط و خش جزیی,۹ ماه,۳۲۰٬۰۰۰٬۰۰۰ تومان
۱۴۰۱,سفید,۵۰۰,سالم,سالم و پلمپ,سالم و بی‌خط و خش,۵ ماه,۵۱۰٬۰۰۰٬۰۰۰ تومان
۱۳۸۴,بژ,۲۳۶٬۰۰۰,سالم,سالم و پلمپ,رنگ‌شدگی,۶ ماه,۱۹۰٬۰۰۰٬۰۰۰ تومان
۱۳۹۹,سفید,۶۵٬۰۰۰,سالم,سالم و پلمپ,خط و خش جزیی,۱۲ ماه,۳۹۵٬۰۰۰٬۰۰۰ تومان
۱۳۹۶,سفید صدفی,۱۲۰٬۰۰۰,سالم,سالم و پلمپ,سالم و بی‌خط و خش,۶ ماه,۳۵۸٬۰۰۰٬۰۰۰ تومان
۱۴۰۰,سفید,۲۳٬۰۰۰,سالم,سالم و پلمپ,رنگ‌شدگی,۶ ماه,۴۵۰٬۰۰۰٬۰۰۰ تومان
۱۳۹۶,سفید,۸۷٬۰۰۰,سالم,سالم و پلمپ,سالم و بی‌خط و خش,۷ ماه,۳۶۵٬۰۰۰٬۰۰۰ تومان
۱۳۹۸,سفید,۴۰٬۰۰۰,سالم,سالم و پلمپ,خط و خش جزیی,۶ ماه,۴۰۰٬۰۰۰٬۰۰۰ تومان
۱۳۹۹,سفید,۸۰٬۰۰۰,سالم,سالم و پلمپ,سالم و بی‌خط و خش,۶ ماه,۴۰۹٬۰۰۰٬۰۰۰ تومان
۱۴۰۱,سفید,۰,,,سالم و بی‌خط و خش,,۱۱۱٬۱۱۱٬۱۱۱ تومان
۱۳۹۱,سفید,۱۴۰٬۰۰۰,سالم,سالم و پلمپ,سالم و بی‌خط و خش,۵ ماه,۳۰۰٬۰۰۰٬۰۰۰ تومان
۱۳۹۵,سفید,۱۸۰٬۰۰۰,سالم,ضربه‌خورده,خط و خش جزیی,۵ ماه,۳۲۰٬۰۰۰٬۰۰۰ تومان
۱۳۹۶,سفید,۹۰٬۰۰۰,سالم,سالم و پلمپ,رنگ‌شدگی,۷ ماه,۳۴۵٬۰۰۰٬۰۰۰ تومان
۱۳۸۱,سفید,۱۶۰٬۰۰۰,سالم,سالم و پلمپ,سالم و بی‌خط و خش,۱۱ ماه,۲۵۸٬۰۰۰٬۰۰۰ تومان
۱۳۸۹,نوک‌مدادی,۲٬۰۰۰,سالم,سالم و پلمپ,سالم و بی‌خط و خش,۷ ماه,۲۱۰٬۰۰۰٬۰۰۰ تومان
۱۳۹۸,سفید,۵۱٬۰۰۰,سالم,سالم و پلمپ,سالم و بی‌خط و خش,۶ ماه,۳۹۵٬۰۰۰٬۰۰۰ تومان
۱۴۰۰,سفید,۴۴٬۰۰۰,سالم,سالم و پلمپ,سالم و بی‌خط و خش,۱۰ ماه,۴۳۹٬۰۰۰٬۰۰۰ تومان
۱۴۰۲,سفید,۹٬۰۰۰,سالم,سالم و پلمپ,سالم و بی‌خط و خش,۶ ماه,۴۶۲٬۰۰۰٬۰۰۰ تومان
۱۳۹۵,سفید,۱۶۰٬۰۰۰,سالم,سالم و پلمپ,سالم و بی‌خط و خش,۸ ماه,۳۶۰٬۰۰۰٬۰۰۰ تومان
۱۴۰۱,سفید,۱۴٬۰۰۰,سالم,سالم و پلمپ,سالم و بی‌خط و خش,۱۲ ماه,۴۶۵٬۰۰۰٬۰۰۰ تومان
۱۴۰۰,سفید,۱۹٬۰۰۰,سالم,سالم و پلمپ,سالم و بی‌خط و خش,۶ ماه,۴۵۰٬۰۰۰٬۰۰۰ تومان
۱۳۹۸,سفید,۷۰٬۰۰۰,سالم,سالم و پلمپ,رنگ‌شدگی,۱۱ ماه,۳۹۸٬۰۰۰٬۰۰۰ تومان
۱۳۹۸,سفید,۸۰٬۰۰۰,سالم,سالم و پلمپ,خط و خش جزیی,۹ ماه,۳۹۵٬۰۰۰٬۰۰۰ تومان
۱۳۸۹,سفید,۱۹۰٬۰۰۰,سالم,سالم و پلمپ,رنگ‌شدگی,۵ ماه,۲۴۵٬۰۰۰٬۰۰۰ تومان
۱۳۹۸,سفید,۶۶٬۰۰۰,سالم,سالم و پلمپ,سالم و بی‌خط و خش,۷ ماه,۳۸۷٬۰۰۰٬۰۰۰ تومان
۱۴۰۰,سفید,۱۰۴٬۰۰۰,سالم,سالم و پلمپ,خط و خش جزیی,۸ ماه,۴۲۰٬۰۰۰٬۰۰۰ تومان
۱۳۸۶,نقره‌ای,۲۹۴٬۰۰۰,سالم,سالم و پلمپ,دوررنگ,۸ ماه,۲۳۵٬۰۰۰٬۰۰۰ تومان
۱۳۹۰,سفید,۱۷۵٬۰۰۰,سالم,سالم و پلمپ,سالم و بی‌خط و خش,۶ ماه,۳۰۵٬۰۰۰٬۰۰۰ تومان
۱۳۹۷,سفید,۴۱٬۰۰۰,سالم,سالم و پلمپ,سالم و بی‌خط و خش,۶ ماه,۳۹۰٬۰۰۰٬۰۰۰ تومان
۱۳۸۸,سفید,۲۵۰٬۰۰۰,سالم,سالم و پلمپ,رنگ‌شدگی,۴ ماه,۲۴۸٬۰۰۰٬۰۰۰ تومان
۱۴۰۱,سفید,۲۸٬۰۰۰,سالم,سالم و پلمپ,سالم و بی‌خط و خش,۱۲ ماه,۴۶۵٬۰۰۰٬۰۰۰ تومان
۱۳۹۵,بادمجانی,۱۳۰٬۰۰۰,سالم,سالم و پلمپ,خط و خش جزیی,۱۲ ماه,۳۴۰٬۰۰۰٬۰۰۰ تومان
۱۳۹۷,سفید,۵۷٬۰۰۰,سالم,سالم و پلمپ,رنگ‌شدگی,,۳۳۰٬۰۰۰٬۰۰۰ تومان
۱۳۸۱,مشکی,۴۲۰٬۰۰۰,سالم,سالم و پلمپ,سالم و بی‌خط و خش,۱۰ ماه,۱۸۴٬۰۰۰٬۰۰۰ تومان
۱۴۰۰,سفید,۲٬۸۰۰,سالم,سالم و پلمپ,سالم و بی‌خط و خش,۳ ماه,۴۹۰٬۰۰۰٬۰۰۰ تومان
۱۴۰۰,سفید صدفی,۱۷٬۰۰۰,سالم,سالم و پلمپ,سالم و بی‌خط و خش,۱۲ ماه,۴۶۰٬۰۰۰٬۰۰۰ تومان
۱۳۹۶,سفید,۱۱۰٬۰۰۰,سالم,سالم و پلمپ,سالم و بی‌خط و خش,۳ ماه,۳۵۷٬۰۰۰٬۰۰۰ تومان
۱۳۹۶,سفید,۱۲۰٬۰۰۰,سالم,سالم و پلمپ,صافکاری بی‌رنگ,۱۱ ماه,۳۵۰٬۰۰۰٬۰۰۰ تومان
۱۳۹۸,سفید,۴۰٬۰۰۰,سالم,سالم و پلمپ,سالم و بی‌خط و خش,۵ ماه,۴۱۰٬۰۰۰٬۰۰۰ تومان
۱۴۰۰,سفید,۲۰٬۰۰۰,سالم,سالم و پلمپ,سالم و بی‌خط و خش,۸ ماه,۴٬۴۸۰٬۰۰۰٬۰۰۰ تومان
۱۳۹۸,خاکستری,۵۱٬۰۰۰,سالم,سالم و پلمپ,خط و خش جزیی,۱ ماه,۴۰۰٬۰۰۰٬۰۰۰ تومان
۱۳۹۸,سفید,۴۸٬۵۰۰,سالم,سالم و پلمپ,سالم و بی‌خط و خش,۳ ماه,۴۱۰٬۰۰۰٬۰۰۰ تومان
۱۳۸۴,نقره‌ای,۲۰۰٬۰۰۰,سالم,سالم و پلمپ,خط و خش جزیی,۸ ماه,۲۳۰٬۰۰۰٬۰۰۰ تومان
۱۳۹۹,مشکی,۶۰٬۰۰۰,سالم,سالم و پلمپ,سالم و بی‌خط و خش,۱۰ ماه,۴۱۵٬۰۰۰٬۰۰۰ تومان
۱۳۸۱,مشکی,۲۲۰٬۰۰۰,سالم,سالم و پلمپ,رنگ‌شدگی,۶ ماه,۲۰۰٬۰۰۰٬۰۰۰ تومان
۱۴۰۰,مشکی,۳۹٬۰۰۰,سالم,سالم و پلمپ,صافکاری بی‌رنگ,۸ ماه,۴۰۰٬۰۰۰٬۰۰۰ تومان
۱۳۸۹,مشکی,۱۹۴٬۰۰۰,سالم,سالم و پلمپ,رنگ‌شدگی,۱۲ ماه,۲۷۵٬۰۰۰٬۰۰۰ تومان
,,,,,,,
۱۴۰۱,سفید,۰,سالم,سالم و پلمپ,سالم و بی‌خط و خش,۱۱ ماه,۵۱۵٬۰۰۰٬۰۰۰ تومان
۱۴۰۱,سفید,۹٬۰۰۰,سالم,سالم و پلمپ,سالم و بی‌خط و خش,۱۰ ماه,۴۷۵٬۰۰۰٬۰۰۰ تومان
۱۳۹۴,سفید,۶۳٬۰۰۰,سالم,سالم و پلمپ,سالم و بی‌خط و خش,۹ ماه,۳۸۵٬۰۰۰٬۰۰۰ تومان
۱۳۹۹,سفید,۲٬۰۰۰,سالم,سالم و پلمپ,سالم و بی‌خط و خش,۱۰ ماه,۴۲۵٬۰۰۰٬۰۰۰ تومان
۱۳۸۶,سفید,۱۷۴٬۰۰۰,سالم,سالم و پلمپ,خط و خش جزیی,۲ ماه,۲۵۵٬۰۰۰٬۰۰۰ تومان
۱۳۹۶,سفید,۱۶۰٬۰۰۰,سالم,سالم و پلمپ,سالم و بی‌خط و خش,۶ ماه,۲۵۰٬۰۰۰٬۰۰۰ تومان
۱۳۸۸,سفید صدفی,۲۱۱٬۰۰۰,سالم,سالم و پلمپ,سالم و بی‌خط و خش,۹ ماه,۲۸۵٬۰۰۰٬۰۰۰ تومان
۱۳۸۴,بژ,۳۰۰٬۰۰۰,سالم,سالم و پلمپ,سالم و بی‌خط و خش,۱۱ ماه,۲۱۵٬۰۰۰٬۰۰۰ تومان
۱۳۸۶,نوک‌مدادی,۲۰۰٬۰۰۰,سالم,سالم و پلمپ,رنگ‌شدگی,۵ ماه,۲۴۵٬۰۰۰٬۰۰۰ تومان
۱۳۸۲,بژ,۲۱۴٬۰۰۰,سالم,سالم و پلمپ,دوررنگ,۹ ماه,۱۵۵٬۰۰۰٬۰۰۰ تومان
۱۳۹۷,سفید,۱۰۳٬۰۰۰,سالم,سالم و پلمپ,سالم و بی‌خط و خش,۶ ماه,۳۷۰٬۰۰۰٬۰۰۰ تومان
۱۴۰۰,سفید,۵۵٬۰۰۰,سالم,سالم و پلمپ,سالم و بی‌خط و خش,۴ ماه,۴۲۵٬۰۰۰٬۰۰۰ تومان
۱۳۸۷,سفید,۲۳۰٬۰۰۰,سالم,سالم و پلمپ,خط و خش جزیی,۳ ماه,۲۴۶٬۰۰۰٬۰۰۰ تومان
۱۳۹۸,سفید,۷۴٬۰۰۰,سالم,سالم و پلمپ,سالم و بی‌خط و خش,۸ ماه,۳۹۹٬۰۰۰٬۰۰۰ تومان
۱۳۸۴,نقره‌ای,۳۶۰٬۰۰۰,سالم,سالم و پلمپ,رنگ‌شدگی,۷ ماه,۲۱۵٬۰۰۰٬۰۰۰ تومان
۱۴۰۰,سفید,۳۰٬۰۰۰,سالم,سالم و پلمپ,سالم و بی‌خط و خش,۱۲ ماه,۴۳۵٬۰۰۰٬۰۰۰ تومان
۱۳۹۸,سفید,۷۲٬۰۰۰,سالم,سالم و پلمپ,سالم و بی‌خط و خش,۱۰ ماه,۳۸۰٬۰۰۰٬۰۰۰ تومان
۱۳۸۳,نقره‌ای,۲۷۰٬۰۰۰,سالم,سالم و پلمپ,دوررنگ,۹ ماه,۱۷۵٬۰۰۰٬۰۰۰ تومان
۱۳۹۰,سفید,۱۵۵٬۳۹۲,سالم,سالم و پلمپ,صافکاری بی‌رنگ,۴ ماه,۳۱۰٬۰۰۰٬۰۰۰ تومان
۱۳۸۲,بژ,۲۹۵٬۰۰۰,سالم,,دوررنگ,۵ ماه,۱۶۰٬۰۰۰٬۰۰۰ تومان
۱۳۹۶,سفید,۹۰٬۰۰۰,سالم,سالم و پلمپ,سالم و بی‌خط و خش,۳ ماه,۳۳۳٬۰۰۰٬۰۰۰ تومان
۱۳۹۸,سفید,۷۰٬۰۰۰,سالم,سالم و پلمپ,سالم و بی‌خط و خش,۳ ماه,۴۰۲٬۰۰۰٬۰۰۰ تومان
۱۳۸۴,خاکستری,۲۶۰٬۰۰۰,سالم,سالم و پلمپ,خط و خش جزیی,۶ ماه,۳۲۰٬۰۰۰٬۰۰۰ تومان
۱۳۸۴,نوک‌مدادی,۲۴۰٬۰۰۰,سالم,سالم و پلمپ,سالم و بی‌خط و خش,۱۱ ماه,۲۶۵٬۰۰۰٬۰۰۰ تومان
,,,,,,,
۱۳۹۶,سفید صدفی,۷۷٬۰۰۰,سالم,سالم و پلمپ,خط و خش جزیی,۳ ماه,۲۲۲٬۲۲۲٬۲۲۲ تومان
۱۴۰۱,سفید,۰,سالم,سالم و پلمپ,سالم و بی‌خط و خش,,۴۶۹٬۰۰۰٬۰۰۰ تومان
۱۳۸۹,سفید,۲۰۰٬۰۰۰,سالم,سالم و پلمپ,خط و خش جزیی,۶ ماه,۲۸۵٬۰۰۰٬۰۰۰ تومان
۱۳۹۸,سفید,۶۷٬۰۰۰,سالم,سالم و پلمپ,خط و خش جزیی,۹ ماه,۴۰۰٬۰۰۰٬۰۰۰ تومان
۱۳۸۵,نقره‌ای,۲۷۸٬۰۰۰,سالم,سالم و پلمپ,خط و خش جزیی,۹ ماه,۲۳۱٬۰۰۰٬۰۰۰ تومان
۱۴۰۱,سفید,۱۰٬۰۰۰,سالم,سالم و پلمپ,سالم و بی‌خط و خش,۶ ماه,۴۷۰٬۰۰۰٬۰۰۰ تومان
۱۳۹۸,سفید صدفی,۶۰٬۰۰۰,سالم,سالم و پلمپ,سالم و بی‌خط و خش,۸ ماه,۳۸۵٬۰۰۰٬۰۰۰ تومان
۱۴۰۰,سفید,۱۸٬۰۰۰,سالم,سالم و پلمپ,سالم و بی‌خط و خش,۲ ماه,۴۴۰٬۰۰۰٬۰۰۰ تومان
۱۳۹۶,سفید,۱۱۰٬۰۰۰,سالم,سالم و پلمپ,خط و خش جزیی,۶ ماه,۳۲۰٬۰۰۰٬۰۰۰ تومان
۱۳۹۷,سفید,۶۲٬۰۰۰,سالم,سالم و پلمپ,سالم و بی‌خط و خش,۵ ماه,۳۹۰٬۰۰۰٬۰۰۰ تومان
۱۳۹۹,سفید,۶۰٬۰۰۰,سالم,سالم و پلمپ,سالم و بی‌خط و خش,۹ ماه,۳۲۰٬۰۰۰٬۰۰۰ تومان
۱۳۹۵,سفید,۲۲۰٬۰۰۰,سالم,سالم و پلمپ,رنگ‌شدگی,۱۱ ماه,۳۲۰٬۰۰۰٬۰۰۰ تومان
۱۳۸۸,نقره‌ای,۱۶۶٬۰۰۰,سالم,سالم و پلمپ,خط و خش جزیی,۲ ماه,۲۶۵٬۰۰۰٬۰۰۰ تومان
۱۳۹۷,سفید,۹۰٬۰۰۰,سالم,سالم و پلمپ,سالم و بی‌خط و خش,۸ ماه,۳۶۰٬۰۰۰٬۰۰۰ تومان
۱۳۹۶,سفید,۱۴۹٬۰۰۰,سالم,سالم و پلمپ,سالم و بی‌خط و خش,۱۲ ماه,۳۶۰٬۰۰۰٬۰۰۰ تومان
۱۴۰۰,سفید,۳۵٬۰۰۰,سالم,سالم و پلمپ,سالم و بی‌خط و خش,۶ ماه,۴۳۵٬۰۰۰٬۰۰۰ تومان
۱۳۸۵,خاکستری,۲۲۰٬۰۰۰,سالم,سالم و پلمپ,دوررنگ,۸ ماه,۲۱۵٬۰۰۰٬۰۰۰ تومان
۱۴۰۰,خاکستری,۲۱٬۰۰۰,سالم,سالم و پلمپ,سالم و بی‌خط و خش,۸ ماه,۴۴۰٬۰۰۰٬۰۰۰ تومان
۱۳۸۳,نقره‌ای,۳۱۷٬۰۰۰,سالم,سالم و پلمپ,خط و خش جزیی,,۱۹۷٬۰۰۰٬۰۰۰ تومان
۱۳۹۹,سفید,۵۴٬۰۰۰,سالم,سالم و پلمپ,سالم و بی‌خط و خش,۹ ماه,۴۰۸٬۰۰۰٬۰۰۰ تومان
۱۳۹۹,خاکستری,۶۴٬۰۰۰,سالم,سالم و پلمپ,خط و خش جزیی,۵ ماه,۳۹۰٬۰۰۰٬۰۰۰ تومان
۱۳۸۹,سفید,۱۶۰٬۰۰۰,سالم,سالم و پلمپ,سالم و بی‌خط و خش,۴ ماه,۲۸۱٬۰۰۰٬۰۰۰ تومان
۱۴۰۰,سفید,۴۱٬۰۰۰,سالم,سالم و پلمپ,رنگ‌شدگی,۶ ماه,۱۱۱٬۱۱۱٬۱۱۱ تومان
۱۳۸۸,سفید,۱۳۸٬۰۰۰,سالم,سالم و پلمپ,رنگ‌شدگی,۱۰ ماه,۲۵۰٬۰۰۰٬۰۰۰ تومان
۱۴۰۱,سفید,۱۲٬۰۰۰,سالم,سالم و پلمپ,سالم و بی‌خط و خش,۱۲ ماه,۴۶۲٬۰۰۰٬۰۰۰ تومان
۱۳۸۴,بژ,۳۱۶٬۰۰۰,سالم,سالم و پلمپ,سالم و بی‌خط و خش,۱ ماه,۲۰۵٬۰۰۰٬۰۰۰ تومان
۱۳۸۳,نقره‌ای,۲۲۰٬۰۰۰,سالم,سالم و پلمپ,سالم و بی‌خط و خش,۱ ماه,۲۴۵٬۰۰۰٬۰۰۰ تومان
۱۳۸۲,نقره‌ای,۲۰۰٬۰۰۰,سالم,سالم و پلمپ,سالم و بی‌خط و خش,,۱۷۸٬۰۰۰٬۰۰۰ تومان
۱۳۸۸,سفید,۲۳۰٬۰۰۰,سالم,سالم و پلمپ,خط و خش جزیی,۷ ماه,۲۷۲٬۰۰۰٬۰۰۰ تومان
۱۳۸۴,بژ,۲۵۰٬۰۰۰,سالم,سالم و پلمپ,دوررنگ,۲ ماه,۱۸۵٬۰۰۰٬۰۰۰ تومان
۱۳۹۶,خاکستری,۱۲۵٬۰۰۰,سالم,سالم و پلمپ,رنگ‌شدگی,۹ ماه,۳۳۰٬۰۰۰٬۰۰۰ تومان
۱۳۸۸,سفید,۳۹۰٬۰۰۰,سالم,,دوررنگ,۱۲ ماه,۱۹۸٬۰۰۰٬۰۰۰ تومان
۱۳۸۶,خاکستری,۳۴۰٬۰۰۰,سالم,سالم و پلمپ,رنگ‌شدگی,۱۲ ماه,۲۲۰٬۰۰۰٬۰۰۰ تومان
۱۳۹۹,سفید,۲۸٬۰۰۰,سالم,سالم و پلمپ,سالم و بی‌خط و خش,۶ ماه,۴۴۵٬۰۰۰٬۰۰۰ تومان
۱۳۹۷,سفید,۹۹٬۰۰۰,سالم,سالم و پلمپ,سالم و بی‌خط و خش,,۳۸۵٬۰۰۰٬۰۰۰ تومان
۱۳۸۳,بژ,۳۰۰٬۰۰۰,سالم,سالم و پلمپ,دوررنگ,,۲۱۰٬۰۰۰٬۰۰۰ تومان
۱۴۰۱,سفید,۰,,,سالم و بی‌خط و خش,,۱۱۱٬۱۱۱٬۱۱۱ تومان
۱۳۹۷,سفید,۱۵۰٬۰۰۰,سالم,سالم و پلمپ,سالم و بی‌خط و خش,,۳۵۷٬۰۰۰٬۰۰۰ تومان
۱۳۸۹,سفید صدفی,۸۹٬۰۰۰,سالم,سالم و پلمپ,سالم و بی‌خط و خش,۴ ماه,۳۴۵٬۰۰۰٬۰۰۰ تومان
۱۳۹۰,خاکستری,۲۳۵٬۰۰۰,سالم,سالم و پلمپ,رنگ‌شدگی,۵ ماه,۲۱۵٬۰۰۰٬۰۰۰ تومان
۱۳۹۸,سفید,۱۱۵٬۰۰۰,سالم,سالم و پلمپ,سالم و بی‌خط و خش,۶ ماه,۴۰۰٬۰۰۰٬۰۰۰ تومان
۱۳۸۵,نوک‌مدادی,۳۰۰٬۰۰۰,سالم,سالم و پلمپ,دوررنگ,۷ ماه,۱۷۵٬۰۰۰٬۰۰۰ تومان
۱۳۹۹,سفید,۵۷٬۰۰۰,سالم,سالم و پلمپ,سالم و بی‌خط و خش,۳ ماه,۴۲۳٬۰۰۰٬۰۰۰ تومان
۱۳۸۳,نقره‌ای,۲۵۰٬۰۰۰,سالم,سالم و پلمپ,خط و خش جزیی,۳ ماه,۱۸۰٬۰۰۰٬۰۰۰ تومان
۱۴۰۱,سفید,۰,سالم,سالم و پلمپ,سالم و بی‌خط و خش,۵ ماه,۵۱۰٬۰۰۰٬۰۰۰ تومان
,,,,,,,
۱۳۸۶,دلفینی,۱۷۹٬۰۰۰,سالم,سالم و پلمپ,خط و خش جزیی,۱۲ ماه,۱۶۰٬۰۰۰٬۰۰۰ تومان
۱۳۸۸,خاکستری,۲۳۰٬۰۰۰,سالم,سالم و پلمپ,سالم و بی‌خط و خش,۷ ماه,۲۵۵٬۰۰۰٬۰۰۰ تومان
۱۳۸۲,نقره‌ای,۵۰۰٬۰۰۰,سالم,سالم و پلمپ,خط و خش جزیی,۲ ماه,۱۶۰٬۰۰۰٬۰۰۰ تومان
۱۳۸۷,خاکستری,۲۴۰٬۰۰۰,سالم,سالم و پلمپ,رنگ‌شدگی,۶ ماه,۲۵۰٬۰۰۰٬۰۰۰ تومان
۱۳۹۹,سفید,۱۱۱,سالم,سالم و پلمپ,تصادفی,۲ ماه,۳۲۵٬۰۰۰٬۰۰۰ تومان
۱۳۹۰,سفید,۱۷۸٬۰۰۰,سالم,سالم و پلمپ,رنگ‌شدگی,۴ ماه,۲۸۳٬۰۰۰٬۰۰۰ تومان
۱۳۹۵,سفید,۱۲۰٬۰۰۰,سالم,سالم و پلمپ,خط و خش جزیی,۴ ماه,۳۴۰٬۰۰۰٬۰۰۰ تومان
۱۴۰۰,نقره‌ای,۲۴٬۰۰۰,سالم,سالم و پلمپ,سالم و بی‌خط و خش,۶ ماه,۴۵۰٬۰۰۰٬۰۰۰ تومان
۱۴۰۰,سفید,۴۰٬۰۰۰,سالم,سالم و پلمپ,سالم و بی‌خط و خش,۱ ماه,۴۴۰٬۰۰۰٬۰۰۰ تومان
۱۳۸۹,نقره‌ای,۳۳۷٬۰۰۰,سالم,سالم و پلمپ,دوررنگ,۴ ماه,۲۳۰٬۰۰۰٬۰۰۰ تومان
۱۴۰۰,سفید,۳۳٬۰۰۰,سالم,سالم و پلمپ,رنگ‌شدگی,۶ ماه,۳۷۵٬۰۰۰٬۰۰۰ تومان
۱۳۹۷,سفید,۱۱۶٬۰۰۰,سالم,سالم و پلمپ,سالم و بی‌خط و خش,۹ ماه,۳۸۰٬۰۰۰٬۰۰۰ تومان
۱۳۸۴,نوک‌مدادی,۳۷۸٬۰۰۰,سالم,سالم و پلمپ,رنگ‌شدگی,۱۲ ماه,۲۱۵٬۰۰۰٬۰۰۰ تومان
,,,,,,,
۱۳۸۳,نقره‌ای,۳۵۰٬۰۰۰,سالم,سالم و پلمپ,خط و خش جزیی,۵ ماه,۲۰۵٬۰۰۰٬۰۰۰ تومان
۱۳۹۸,سفید,۶۴٬۵۰۰,سالم,سالم و پلمپ,سالم و بی‌خط و خش,۸ ماه,۳۹۰٬۰۰۰٬۰۰۰ تومان
۱۳۹۰,سفید,۱۵۰٬۰۰۰,سالم,سالم و پلمپ,خط و خش جزیی,۴ ماه,۳۱۷٬۰۰۰٬۰۰۰ تومان
۱۳۹۰,نقره‌ای,۱۰۵٬۰۰۰,سالم,سالم و پلمپ,سالم و بی‌خط و خش,۱۲ ماه,۲۰۰٬۰۰۰٬۰۰۰ تومان
۱۳۹۶,نوک‌مدادی,۱۱۰٬۰۰۰,سالم,سالم و پلمپ,خط و خش جزیی,۸ ماه,۲۷۰٬۰۰۰٬۰۰۰ تومان
۱۳۸۶,خاکستری,۱۷۶٬۰۰۰,سالم,سالم و پلمپ,خط و خش جزیی,۱ ماه,۲۲۳٬۰۰۰٬۰۰۰ تومان
۱۳۹۹,سفید,۴۴٬۰۰۰,سالم,سالم و پلمپ,سالم و بی‌خط و خش,۴ ماه,۴۲۶٬۰۰۰٬۰۰۰ تومان
۱۳۸۸,سفید,۱۷۰٬۰۰۰,سالم,سالم و پلمپ,سالم و بی‌خط و خش,۱۰ ماه,۲۸۰٬۰۰۰٬۰۰۰ تومان
۱۴۰۱,سفید,۳٬۰۰۰,سالم,سالم و پلمپ,سالم و بی‌خط و خش,۱۲ ماه,۱٬۱۱۱٬۱۱۱٬۱۱۱ تومان
۱۳۹۷,سفید,۸۰٬۰۰۰,سالم,سالم و پلمپ,رنگ‌شدگی,۶ ماه,۴۰۰٬۰۰۰٬۰۰۰ تومان
۱۳۹۵,خاکستری,۱۱۵٬۰۰۰,سالم,سالم و پلمپ,سالم و بی‌خط و خش,۶ ماه,۳۵۵٬۰۰۰٬۰۰۰ تومان
۱۳۹۰,سفید,۲۱۰٬۰۰۰,سالم,سالم و پلمپ,رنگ‌شدگی,۵ ماه,۱۱۱٬۱۱۱٬۱۱۱ تومان
۱۳۹۶,خاکستری,۱۰۰٬۰۰۰,سالم,سالم و پلمپ,سالم و بی‌خط و خش,۱۰ ماه,۳۵۰٬۰۰۰٬۰۰۰ تومان
۱۴۰۱,سفید,۵٬۸۰۰,سالم,سالم و پلمپ,سالم و بی‌خط و خش,۱ ماه,۴۹۰٬۰۰۰٬۰۰۰ تومان
۱۳۹۶,مشکی,۵۷٬۰۰۰,سالم,سالم و پلمپ,سالم و بی‌خط و خش,۶ ماه,۱٬۱۱۱٬۱۱۱٬۱۱۱ تومان
۱۳۹۷,سفید,۱۴۰٬۰۰۰,سالم,سالم و پلمپ,صافکاری بی‌رنگ,۳ ماه,۳۶۵٬۰۰۰٬۰۰۰ تومان
۱۳۹۸,سفید,۵۵٬۰۰۰,سالم,سالم و پلمپ,سالم و بی‌خط و خش,۶ ماه,۴۰۰٬۰۰۰٬۰۰۰ تومان
۱۴۰۱,سفید,۳۰٬۰۰۰,سالم,سالم و پلمپ,صافکاری بی‌رنگ,۶ ماه,۴۴۰٬۰۰۰٬۰۰۰ تومان
۱۳۹۵,آبی,۱۱۰٬۰۰۰,سالم,سالم و پلمپ,خط و خش جزیی,۱۲ ماه,۳۵۵٬۰۰۰٬۰۰۰ تومان
۱۳۸۳,نقره‌ای,۳۲۵٬۹۴۸,سالم,رنگ‌شده,رنگ‌شدگی,۷ ماه,۲۰۵٬۰۰۰٬۰۰۰ تومان
۱۳۹۹,سفید,۲۰٬۰۰۰,سالم,سالم و پلمپ,سالم و بی‌خط و خش,۲ ماه,۴۲۵٬۰۰۰٬۰۰۰ تومان
۱۳۸۹,سفید,۱۹۶٬۰۰۰,سالم,سالم و پلمپ,سالم و بی‌خط و خش,۷ ماه,۲۵۳٬۰۰۰٬۰۰۰ تومان
۱۳۹۹,آبی,۵۵٬۰۰۰,سالم,سالم و پلمپ,سالم و بی‌خط و خش,۴ ماه,۴۰۹٬۰۰۰٬۰۰۰ تومان
۱۴۰۲,سفید,۰,سالم,سالم و پلمپ,سالم و بی‌خط و خش,,۵۴٬۰۰۰٬۰۰۰ تومان
۱۳۸۸,خاکستری,۲۶۰٬۰۰۰,سالم,سالم و پلمپ,سالم و بی‌خط و خش,۷ ماه,۱۱٬۱۱۱٬۱۱۱ تومان
۱۳۹۹,سفید,۷٬۱۰۰,سالم,سالم و پلمپ,سالم و بی‌خط و خش,۷ ماه,۴۴۷٬۰۰۰٬۰۰۰ تومان
۱۳۹۹,سفید,۸۵٬۰۰۰,سالم,سالم و پلمپ,خط و خش جزیی,۳ ماه,۳۸۹٬۰۰۰٬۰۰۰ تومان
۱۳۸۴,نقره‌ای,۱۸۵٬۰۰۰,سالم,سالم و پلمپ,خط و خش جزیی,۳ ماه,۲۲۵٬۰۰۰٬۰۰۰ تومان
۱۳۹۷,سفید,۸۵٬۰۰۰,سالم,سالم و پلمپ,خط و خش جزیی,۹ ماه,۳۶۱٬۰۰۰٬۰۰۰ تومان
۱۳۸۹,سفید,۲۰۰٬۰۰۰,تعویض شده,سالم و پلمپ,خط و خش جزیی,۶ ماه,۲۷۰٬۰۰۰٬۰۰۰ تومان
۱۳۹۶,سفید,۵۵٬۲۰۰,سالم,سالم و پلمپ,سالم و بی‌خط و خش,۴ ماه,۳۶۳٬۵۰۰٬۰۰۰ تومان
۱۳۹۴,خاکستری,۱۳۵٬۰۰۰,سالم,سالم و پلمپ,سالم و بی‌خط و خش,۷ ماه,۳۳۵٬۰۰۰٬۰۰۰ تومان
۱۳۸۸,خاکستری,۱۵۰٬۰۰۰,سالم,سالم و پلمپ,رنگ‌شدگی,۹ ماه,۲۷۰٬۰۰۰٬۰۰۰ تومان
۱۳۹۸,سفید,۳۹٬۰۰۰,سالم,سالم و پلمپ,صافکاری بی‌رنگ,۷ ماه,۳۹۰٬۰۰۰٬۰۰۰ تومان
۱۴۰۱,مشکی,۱۸٬۵۰۰,سالم,سالم و پلمپ,رنگ‌شدگی,۱۲ ماه,۴۱۵٬۰۰۰٬۰۰۰ تومان
۱۴۰۲,خاکستری,۰,سالم,سالم و پلمپ,سالم و بی‌خط و خش,۱۲ ماه,۴۸۰٬۰۰۰٬۰۰۰ تومان
۱۴۰۲,سفید,۰,سالم,سالم و پلمپ,سالم و بی‌خط و خش,۱۲ ماه,۴۸۰٬۰۰۰٬۰۰۰ تومان
۱۴۰۱,سفید,۰,,سالم و پلمپ,سالم و بی‌خط و خش,,۵۱۰٬۰۰۰٬۰۰۰ تومان
۱۳۹۸,سفید,۳۰٬۰۰۰,سالم,سالم و پلمپ,خط و خش جزیی,۸ ماه,۴۰۵٬۰۰۰٬۰۰۰ تومان
۱۳۹۰,سفید,۱۶۷٬۰۰۰,سالم,سالم و پلمپ,رنگ‌شدگی,۳ ماه,۳۱۰٬۰۰۰٬۰۰۰ تومان
۱۳۸۵,خاکستری,۳۱۲٬۰۰۰,سالم,سالم و پلمپ,خط و خش جزیی,۷ ماه,۲۱۶٬۰۰۰٬۰۰۰ تومان
۱۴۰۰,سفید صدفی,۱۷٬۰۰۰,سالم,سالم و پلمپ,سالم و بی‌خط و خش,۱۲ ماه,۴۵۵٬۰۰۰٬۰۰۰ تومان
۱۳۸۹,مشکی,۱۷۴٬۰۰۰,سالم,سالم و پلمپ,رنگ‌شدگی,۱۲ ماه,۲۶۵٬۰۰۰٬۰۰۰ تومان
۱۳۸۴,بژ,۲۰۰٬۰۰۰,سالم,سالم و پلمپ,صافکاری بی‌رنگ,۸ ماه,۲۲۵٬۰۰۰٬۰۰۰ تومان
۱۳۸۹,سفید,۲۱۲٬۳۰۰,سالم,سالم و پلمپ,رنگ‌شدگی,۱۱ ماه,۲۵۸٬۰۰۰٬۰۰۰ تومان
۱۳۹۰,نوک‌مدادی,۸۵٬۰۰۰,تعویض شده,سالم و پلمپ,رنگ‌شدگی,,۳۰۵٬۰۰۰٬۰۰۰ تومان
۱۳۸۴,بژ,۲۶۰٬۰۰۰,سالم,سالم و پلمپ,رنگ‌شدگی,۶ ماه,۲۱۰٬۰۰۰٬۰۰۰ تومان
۱۳۸۶,خاکستری,۳۰۰٬۰۰۰,سالم,سالم و پلمپ,دوررنگ,۸ ماه,۲۲۰٬۰۰۰٬۰۰۰ تومان
۱۳۹۰,سفید,۲۸۰٬۰۰۰,سالم,,تمام‌رنگ,,۲۳۰٬۰۰۰٬۰۰۰ تومان
۱۴۰۰,سفید,۱۸٬۰۰۰,سالم,سالم و پلمپ,سالم و بی‌خط و خش,۷ ماه,۴۵۵٬۰۰۰٬۰۰۰ تومان
۱۳۸۹,سفید,۳۱۵٬۰۰۰,سالم,سالم و پلمپ,رنگ‌شدگی,۹ ماه,۲۶۰٬۰۰۰٬۰۰۰ تومان
۱۳۸۱,یشمی,۳۵۰٬۰۰۰,سالم,سالم و پلمپ,دوررنگ,۱۲ ماه,۱۵۹٬۰۰۰٬۰۰۰ تومان
۱۳۹۰,سفید,۲۶۰٬۰۰۰,سالم,سالم و پلمپ,رنگ‌شدگی,۳ ماه,۲۳۲٬۰۰۰٬۰۰۰ تومان
۱۳۸۸,خاکستری,۳۵۰٬۰۰۰,سالم,ضربه‌خورده,دوررنگ,۶ ماه,۱۱۱٬۱۱۱٬۱۱۱ تومان
۱۳۸۹,خاکستری,۱۴۶٬۰۰۰,سالم,سالم و پلمپ,خط و خش جزیی,۱۱ ماه,۲۸۹٬۰۰۰٬۰۰۰ تومان
۱۳۹۰,سفید,۲۶۰٬۰۰۰,سالم,سالم و پلمپ,رنگ‌شدگی,۸ ماه,۲۹۰٬۰۰۰٬۰۰۰ تومان
۱۳۹۴,خاکستری,۷۵٬۰۰۰,سالم,سالم و پلمپ,خط و خش جزیی,۹ ماه,۳۵۰٬۰۰۰٬۰۰۰ تومان
۱۳۹۰,سفید,۱۳۶٬۰۰۰,سالم,سالم و پلمپ,خط و خش جزیی,۱۰ ماه,۲۹۵٬۰۰۰٬۰۰۰ تومان
۱۳۹۹,سفید,۴۱٬۹۵۰,سالم,سالم و پلمپ,سالم و بی‌خط و خش,۳ ماه,۴۲۰٬۰۰۰٬۰۰۰ تومان
۱۳۹۸,سفید,۴۴٬۰۰۰,سالم,سالم و پلمپ,خط و خش جزیی,۵ ماه,۴۰۰٬۰۰۰٬۰۰۰ تومان
۱۳۸۱,نقره‌ای,۳۹۷٬۰۰۰,سالم,سالم و پلمپ,تمام‌رنگ,۴ ماه,۱۸۸٬۰۰۰٬۰۰۰ تومان
۱۳۹۸,سفید,۱۴۰٬۰۰۰,سالم,سالم و پلمپ,رنگ‌شدگی,۷ ماه,۳۳۲٬۰۰۰٬۰۰۰ تومان
۱۳۸۴,نقره‌ای,۳٬۰۰۰,سالم,ضربه‌خورده,تمام‌رنگ,۶ ماه,۱۷۵٬۰۰۰٬۰۰۰ تومان
۱۳۸۶,خاکستری,۱۵۰٬۰۰۰,سالم,سالم و پلمپ,دوررنگ,۴ ماه,۲۱۵٬۰۰۰٬۰۰۰ تومان
۱۳۸۲,آلبالویی,۳٬۰۰۰,سالم,سالم و پلمپ,دوررنگ,۶ ماه,۲۲۰٬۰۰۰٬۰۰۰ تومان
۱۳۹۰,سفید,۲۸۵٬۰۰۰,سالم,سالم و پلمپ,رنگ‌شدگی,۲ ماه,۲۸۰٬۰۰۰٬۰۰۰ تومان
۱۳۸۹,سفید,۲۲۰٬۰۰۰,سالم,سالم و پلمپ,رنگ‌شدگی,۶ ماه,۲۸۰٬۰۰۰٬۰۰۰ تومان
۱۳۸۴,خاکستری,۲۷۰٬۰۰۰,سالم,سالم و پلمپ,رنگ‌شدگی,,۲۴۰٬۰۰۰٬۰۰۰ تومان
۱۳۹۵,مشکی,۲۰۰٬۰۰۰,سالم,سالم و پلمپ,خط و خش جزیی,۹ ماه,۱۱۱٬۱۱۱٬۱۱۱ تومان
۱۳۹۶,سفید,۹۰٬۰۰۰,سالم,سالم و پلمپ,خط و خش جزیی,۸ ماه,۳۵۱٬۰۰۰٬۰۰۰ تومان
۱۳۹۹,قرمز,۳۰٬۰۰۰,سالم,سالم و پلمپ,سالم و بی‌خط و خش,۱۲ ماه,۴۴۰٬۰۰۰٬۰۰۰ تومان
۱۳۸۲,مشکی,۱۷۱٬۰۰۰,سالم,سالم و پلمپ,سالم و بی‌خط و خش,۹ ماه,۱۱۱٬۱۱۱٬۱۱۱ تومان
۱۳۹۵,سفید,۱۶۰٬۰۰۰,سالم,سالم و پلمپ,سالم و بی‌خط و خش,۱۲ ماه,۳۱۵٬۰۰۰٬۰۰۰ تومان
۱۳۹۰,سفید,۲۴۰٬۰۰۰,سالم,سالم و پلمپ,رنگ‌شدگی,۹ ماه,۲۹۰٬۰۰۰٬۰۰۰ تومان
۱۳۹۸,سفید,۶۹٬۰۰۰,سالم,سالم و پلمپ,سالم و بی‌خط و خش,۱ ماه,۳۸۵٬۰۰۰٬۰۰۰ تومان
۱۳۸۹,سفید,۳۴۵٬۰۰۰,سالم,سالم و پلمپ,تمام‌رنگ,۱۱ ماه,۲۳۸٬۰۰۰٬۰۰۰ تومان
۱۴۰۱,سفید,۳۴٬۰۰۰,سالم,سالم و پلمپ,سالم و بی‌خط و خش,۱ ماه,۴۶۸٬۰۰۰٬۰۰۰ تومان
۱۳۸۳,بژ,۳۴۰٬۰۰۰,سالم,سالم و پلمپ,رنگ‌شدگی، در ۱ ناحیه,۸ ماه,۲۲۰٬۰۰۰٬۰۰۰ تومان
۱۳۸۵,خاکستری,۳۰۲٬۰۰۰,سالم,سالم و پلمپ,خط و خش جزیی,۵ ماه,۲۶۶٬۰۰۰٬۰۰۰ تومان
۱۴۰۱,سفید,۱٬۵۰۰,سالم,سالم و پلمپ,سالم و بی‌خط و خش,۱۲ ماه,۵۱۰٬۰۰۰٬۰۰۰ تومان
۱۳۸۴,نقره‌ای,۴۰٬۰۰۰,سالم,سالم و پلمپ,خط و خش جزیی,۲ ماه,۲۲۲٬۰۰۰٬۰۰۰ تومان
۱۳۹۹,سفید,۲۷٬۰۰۰,سالم,سالم و پلمپ,سالم و بی‌خط و خش,۵ ماه,۴۳۰٬۰۰۰٬۰۰۰ تومان
۱۴۰۱,سفید,۲۲٬۰۰۰,سالم,سالم و پلمپ,سالم و بی‌خط و خش,۱۱ ماه,۴۵۵٬۰۰۰٬۰۰۰ تومان
۱۳۸۲,نقره‌ای,۲۶۰٬۰۰۰,سالم,سالم و پلمپ,سالم و بی‌خط و خش,۸ ماه,۱۹۰٬۰۰۰٬۰۰۰ تومان
۱۳۸۴,نوک‌مدادی,۲۵۰٬۰۰۰,سالم,سالم و پلمپ,خط و خش جزیی,۶ ماه,۲۳۰٬۰۰۰٬۰۰۰ تومان
۱۳۸۶,نقره‌ای,۲۲۰٬۰۰۰,سالم,سالم و پلمپ,رنگ‌شدگی,۱۲ ماه,۲۹۰٬۰۰۰٬۰۰۰ تومان
۱۴۰۰,سفید,۲۰٬۰۰۰,سالم,سالم و پلمپ,سالم و بی‌خط و خش,۹ ماه,۴۵۰٬۰۰۰٬۰۰۰ تومان
۱۳۹۸,مشکی,۶۸٬۰۰۰,سالم,سالم و پلمپ,خط و خش جزیی,۶ ماه,۳۹۵٬۰۰۰٬۰۰۰ تومان
۱۳۹۷,نوک‌مدادی,۱۱۴٬۵۰۰,سالم,سالم و پلمپ,سالم و بی‌خط و خش,۹ ماه,۳۹۲٬۰۰۰٬۰۰۰ تومان
۱۳۸۷,خاکستری,۳۴۱٬۰۰۰,سالم,سالم و پلمپ,خط و خش جزیی,۱ ماه,۲۷۰٬۰۰۰٬۰۰۰ تومان
۱۳۹۹,سفید,۵۹٬۰۰۰,سالم,سالم و پلمپ,سالم و بی‌خط و خش,۶ ماه,۴۱۵٬۰۰۰٬۰۰۰ تومان
۱۳۸۵,نقره‌ای,۳۲۰٬۰۰۰,سالم,سالم و پلمپ,خط و خش جزیی,۵ ماه,۲۲۵٬۰۰۰٬۰۰۰ تومان
۱۳۸۲,نقرآبی,۳۷۰٬۰۰۰,سالم,سالم و پلمپ,دوررنگ,۴ ماه,۱۷۵٬۰۰۰٬۰۰۰ تومان
۱۳۹۸,سفید,۷۵٬۰۰۰,سالم,سالم و پلمپ,سالم و بی‌خط و خش,۶ ماه,۳۹۵٬۰۰۰٬۰۰۰ تومان
۱۳۹۵,سفید,۱۳۲٬۰۰۰,سالم,سالم و پلمپ,خط و خش جزیی,۸ ماه,۳۵۰٬۰۰۰٬۰۰۰ تومان
۱۳۸۹,سفید,۱۸۷٬۰۰۰,سالم,سالم و پلمپ,رنگ‌شدگی,۶ ماه,۲۷۵٬۰۰۰٬۰۰۰ تومان
۱۳۸۲,بژ,۲۲۰٬۰۰۰,سالم,سالم و پلمپ,رنگ‌شدگی,۱۰ ماه,۱۶۰٬۰۰۰٬۰۰۰ تومان
,,,,,,,
۱۳۸۲,بژ,۱۱٬۱۱۱,سالم,سالم و پلمپ,دوررنگ,۶ ماه,۲۱۰٬۰۰۰٬۰۰۰ تومان
۱۳۸۹,سفید صدفی,۳۰۰٬۰۰۰,سالم,سالم و پلمپ,رنگ‌شدگی,۱۲ ماه,۲۹۵٬۰۰۰٬۰۰۰ تومان
۱۳۸۴,آلبالویی,۳۰۰٬۰۰۰,سالم,سالم و پلمپ,خط و خش جزیی,۳ ماه,۱۸۵٬۰۰۰٬۰۰۰ تومان
۱۳۹۶,سفید,۱۵۰٬۰۰۰,سالم,سالم و پلمپ,رنگ‌شدگی,۱۰ ماه,۳۲۰٬۰۰۰٬۰۰۰ تومان
۱۳۹۸,سفید,۵۵٬۰۰۰,سالم,سالم و پلمپ,سالم و بی‌خط و خش,۳ ماه,۴۱۰٬۰۰۰٬۰۰۰ تومان
۱۳۹۹,سفید,۴۲٬۰۰۰,سالم,سالم و پلمپ,سالم و بی‌خط و خش,۱۲ ماه,۴۳۵٬۰۰۰٬۰۰۰ تومان
۱۳۸۴,نقره‌ای,۲۱۰٬۰۰۰,سالم,سالم و پلمپ,دوررنگ,۴ ماه,۱۹۰٬۰۰۰٬۰۰۰ تومان
۱۳۸۹,خاکستری,۱۸۸٬۰۰۰,سالم,سالم و پلمپ,رنگ‌شدگی,۶ ماه,۲۸۰٬۰۰۰٬۰۰۰ تومان
۱۴۰۱,سفید,۶۰۰,سالم,سالم و پلمپ,تمام‌رنگ,۷ ماه,۳۴۰٬۰۰۰٬۰۰۰ تومان
۱۳۸۹,خاکستری,۱۹۲٬۰۰۰,سالم,سالم و پلمپ,رنگ‌شدگی,۴ ماه,۲۶۵٬۰۰۰٬۰۰۰ تومان
۱۳۹۷,سفید,۶۶٬۰۰۰,سالم,سالم و پلمپ,سالم و بی‌خط و خش,۸ ماه,۳۸۵٬۰۰۰٬۰۰۰ تومان
۱۳۹۵,سفید,۱۳۰٬۰۰۰,سالم,سالم و پلمپ,خط و خش جزیی,۶ ماه,۳۵۵٬۰۰۰٬۰۰۰ تومان
۱۳۹۶,خاکستری,۱۵۰٬۰۰۰,سالم,سالم و پلمپ,خط و خش جزیی,۸ ماه,۳۵۰٬۰۰۰٬۰۰۰ تومان
۱۴۰۰,سفید صدفی,۲۳٬۹۰۰,سالم,سالم و پلمپ,سالم و بی‌خط و خش,۷ ماه,۴۴۵٬۰۰۰٬۰۰۰ تومان
۱۳۸۲,نقره‌ای,۲۲۰٬۰۰۰,سالم,سالم و پلمپ,خط و خش جزیی,۵ ماه,۱۹۸٬۰۰۰٬۰۰۰ تومان
۱۳۹۴,مشکی,۱۰۶٬۰۰۰,سالم,سالم و پلمپ,رنگ‌شدگی,۶ ماه,۲۹۸٬۰۰۰٬۰۰۰ تومان
۱۳۸۸,سفید,۳۰۵٬۰۰۰,سالم,سالم و پلمپ,رنگ‌شدگی,۷ ماه,۲۵۰٬۰۰۰٬۰۰۰ تومان
۱۳۸۲,بژ,۲۰۵٬۰۰۰,سالم,سالم و پلمپ,رنگ‌شدگی,۸ ماه,۱۹۵٬۰۰۰٬۰۰۰ تومان
۱۳۸۳,بژ,۲۰۰٬۰۰۰,سالم,سالم و پلمپ,دوررنگ,,۱۷۵٬۰۰۰٬۰۰۰ تومان
۱۳۹۰,سفید,۲۳۰٬۰۰۰,سالم,سالم و پلمپ,رنگ‌شدگی,۱۲ ماه,۲۹۰٬۰۰۰٬۰۰۰ تومان
۱۳۸۵,نقره‌ای,۳۵۰٬۰۰۰,سالم,,دوررنگ,۵ ماه,۱۷۰٬۰۰۰٬۰۰۰ تومان
۱۳۸۹,خاکستری,۱۵۰٬۰۰۰,سالم,سالم و پلمپ,خط و خش جزیی,۸ ماه,۲۶۰٬۰۰۰٬۰۰۰ تومان
۱۳۹۶,آلبالویی,۶۰٬۰۰۰,سالم,سالم و پلمپ,سالم و بی‌خط و خش,۹ ماه,۳۷۵٬۰۰۰٬۰۰۰ تومان
۱۳۹۵,مشکی,۹۵٬۰۰۰,سالم,سالم و پلمپ,سالم و بی‌خط و خش,۵ ماه,۳۶۰٬۰۰۰٬۰۰۰ تومان
۱۳۹۷,سفید,۳۶٬۰۰۰,سالم,سالم و پلمپ,خط و خش جزیی,۶ ماه,۴۰۰٬۰۰۰٬۰۰۰ تومان
۱۳۹۰,سفید,۱۷۰٬۰۰۰,سالم,سالم و پلمپ,سالم و بی‌خط و خش,۵ ماه,۲۷۵٬۰۰۰٬۰۰۰ تومان
۱۴۰۰,سفید,۱۳٬۵۰۰,سالم,سالم و پلمپ,سالم و بی‌خط و خش,۱۱ ماه,۴۸۰٬۰۰۰٬۰۰۰ تومان
۱۳۹۰,سفید,۲۸۰٬۰۰۰,سالم,سالم و پلمپ,سالم و بی‌خط و خش,۹ ماه,۳۰۰٬۰۰۰٬۰۰۰ تومان
۱۳۹۶,خاکستری,۱۳۰٬۰۰۰,سالم,سالم و پلمپ,رنگ‌شدگی,۳ ماه,۳۲۵٬۰۰۰٬۰۰۰ تومان
۱۳۹۸,سفید,۱۲۰٬۰۰۰,سالم,سالم و پلمپ,سالم و بی‌خط و خش,۱۱ ماه,۴۱۰٬۰۰۰٬۰۰۰ تومان
۱۳۸۳,نقره‌ای,۲۹۰٬۰۰۰,سالم,سالم و پلمپ,رنگ‌شدگی,۱۱ ماه,۲۱۵٬۰۰۰٬۰۰۰ تومان
۱۳۸۷,خاکستری,۱۲۷٬۰۰۰,سالم,سالم و پلمپ,رنگ‌شدگی,۸ ماه,۲۳۷٬۰۰۰٬۰۰۰ تومان
۱۴۰۰,سفید,۱۸٬۰۰۰,سالم,سالم و پلمپ,سالم و بی‌خط و خش,۲ ماه,۴۴۰٬۰۰۰٬۰۰۰ تومان
۱۳۹۶,سفید,۱۴۰٬۰۰۰,سالم,سالم و پلمپ,سالم و بی‌خط و خش,۸ ماه,۳۳۵٬۰۰۰٬۰۰۰ تومان
۱۴۰۰,سفید,۴۰٬۰۰۰,سالم,سالم و پلمپ,رنگ‌شدگی، در ۱ ناحیه,۷ ماه,۴۲۰٬۰۰۰٬۰۰۰ تومان
۱۳۸۱,ذغالی,۴۳۸٬۰۰۰,سالم,سالم و پلمپ,خط و خش جزیی,۲ ماه,۱۸۷٬۰۰۰٬۰۰۰ تومان
۱۳۹۴,آلبالویی,۹۸٬۰۰۰,سالم,سالم و پلمپ,رنگ‌شدگی,۶ ماه,۳۲۰٬۰۰۰٬۰۰۰ تومان
۱۳۹۸,سفید,۵۳٬۰۰۰,سالم,سالم و پلمپ,سالم و بی‌خط و خش,۴ ماه,۴۰۷٬۰۰۰٬۰۰۰ تومان
۱۳۹۱,خاکستری,۱۹۰٬۰۰۰,سالم,سالم و پلمپ,رنگ‌شدگی,۶ ماه,۲۸۰٬۰۰۰٬۰۰۰ تومان
۱۳۸۲,یشمی,۳۰۰٬۰۰۰,سالم,سالم و پلمپ,دوررنگ,۶ ماه,۲۰۰٬۰۰۰٬۰۰۰ تومان
۱۳۹۸,خاکستری,۶۵٬۰۰۰,سالم,سالم و پلمپ,خط و خش جزیی,۳ ماه,۳۹۸٬۰۰۰٬۰۰۰ تومان
۱۳۸۳,نقره‌ای,۳۰۰٬۰۰۰,سالم,سالم و پلمپ,دوررنگ,۵ ماه,۱۸۵٬۰۰۰٬۰۰۰ تومان
۱۳۹۶,خاکستری,۹۹٬۰۰۰,سالم,سالم و پلمپ,خط و خش جزیی,۸ ماه,۳۴۰٬۰۰۰٬۰۰۰ تومان
۱۳۸۵,نقره‌ای,۳۸۵٬۰۰۰,سالم,سالم و پلمپ,خط و خش جزیی,۱۰ ماه,۲۴۰٬۰۰۰٬۰۰۰ تومان
,,,,,,,
۱۳۹۱,سفید,۲۰۰٬۰۰۰,سالم,سالم و پلمپ,رنگ‌شدگی,۲ ماه,۲۷۸٬۰۰۰٬۰۰۰ تومان
۱۳۸۹,سفید,۲۸۰٬۰۰۰,سالم,سالم و پلمپ,رنگ‌شدگی,۴ ماه,۲۶۰٬۰۰۰٬۰۰۰ تومان
۱۳۸۲,یشمی,۲۲۵٬۰۰۰,سالم,سالم و پلمپ,خط و خش جزیی,۶ ماه,۱۹۵٬۰۰۰٬۰۰۰ تومان
۱۴۰۱,سفید,۱۰٬۵۰۰,سالم,سالم و پلمپ,صافکاری بی‌رنگ,۳ ماه,۴۶۰٬۰۰۰٬۰۰۰ تومان
۱۳۸۲,مشکی,۹۹٬۰۰۰,سالم,سالم و پلمپ,سالم و بی‌خط و خش,۸ ماه,۳۳۸٬۰۰۰٬۰۰۰ تومان
۱۴۰۱,سفید,۰,سالم,سالم و پلمپ,سالم و بی‌خط و خش,,۴۹۴٬۵۰۰٬۰۰۰ تومان
۱۴۰۱,سفید,۲۱٬۰۰۰,سالم,سالم و پلمپ,سالم و بی‌خط و خش,۱ ماه,۴۶۰٬۰۰۰٬۰۰۰ تومان
۱۳۸۹,سفید,۳۰۰٬۰۰۰,سالم,ضربه‌خورده,تمام‌رنگ,۷ ماه,۱۹۰٬۰۰۰٬۰۰۰ تومان
۱۳۸۲,مشکی,۲۵۰٬۰۰۰,سالم,سالم و پلمپ,سالم و بی‌خط و خش,۱۲ ماه,۱۷۰٬۰۰۰٬۰۰۰ تومان
۱۳۹۷,سفید,۷۶٬۰۰۰,سالم,سالم و پلمپ,سالم و بی‌خط و خش,۹ ماه,۳۸۸٬۰۰۰٬۰۰۰ تومان
۱۳۹۹,مشکی,۵۸٬۰۰۰,سالم,سالم و پلمپ,سالم و بی‌خط و خش,۷ ماه,۴۲۰٬۰۰۰٬۰۰۰ تومان
۱۳۸۹,سفید,۲۴۰٬۰۰۰,سالم,ضربه‌خورده,رنگ‌شدگی,۳ ماه,۲۲۸٬۰۰۰٬۰۰۰ تومان
۱۳۹۶,سفید,۱۲۴٬۰۰۰,سالم,سالم و پلمپ,صافکاری بی‌رنگ,۲ ماه,۳۵۰٬۰۰۰٬۰۰۰ تومان
۱۳۹۶,سفید,۲۰۳٬۰۰۰,سالم,سالم و پلمپ,سالم و بی‌خط و خش,۱۲ ماه,۳۴۳٬۰۰۰٬۰۰۰ تومان
۱۴۰۱,سفید,۱۷٬۵۰۰,سالم,سالم و پلمپ,سالم و بی‌خط و خش,۱ ماه,۴۵۵٬۰۰۰٬۰۰۰ تومان
۱۳۹۰,سفید,۱۳۳٬۰۰۰,سالم,سالم و پلمپ,سالم و بی‌خط و خش,۳ ماه,۲۹۵٬۰۰۰٬۰۰۰ تومان
۱۳۸۸,خاکستری,۳۰۰٬۰۰۰,سالم,سالم و پلمپ,خط و خش جزیی,۶ ماه,۲۹۰٬۰۰۰٬۰۰۰ تومان
۱۴۰۱,سفید,۹٬۲۰۰,سالم,سالم و پلمپ,سالم و بی‌خط و خش,۶ ماه,۴۷۰٬۰۰۰٬۰۰۰ تومان
۱۳۸۶,نوک‌مدادی,۲۱۵٬۰۰۰,سالم,سالم و پلمپ,خط و خش جزیی,۷ ماه,۲۵۰٬۰۰۰٬۰۰۰ تومان
۱۳۹۹,سفید,۲۹٬۰۰۰,,سالم و پلمپ,سالم و بی‌خط و خش,۶ ماه,۴۳۵٬۰۰۰٬۰۰۰ تومان
,,,,,,,
۱۳۸۳,مشکی,۲۴۸٬۰۰۰,سالم,سالم و پلمپ,رنگ‌شدگی,۳ ماه,۱۹۰٬۰۰۰٬۰۰۰ تومان
۱۳۹۱,خاکستری,۱۵۰٬۰۰۰,سالم,سالم و پلمپ,رنگ‌شدگی، در ۱ ناحیه,۸ ماه,۲۸۵٬۰۰۰٬۰۰۰ تومان
۱۴۰۰,سرمه‌ای,۳۴٬۰۰۰,سالم,ضربه‌خورده,رنگ‌شدگی,۶ ماه,۳۸۰٬۰۰۰٬۰۰۰ تومان
۱۳۸۳,نقره‌ای,۳۰۰٬۰۰۰,سالم,سالم و پلمپ,تصادفی,۳ ماه,۱۱۸٬۰۰۰٬۰۰۰ تومان
۱۴۰۱,سفید,۰,,,سالم و بی‌خط و خش,,۱۱۱٬۱۱۱٬۱۱۱ تومان
۱۳۹۰,نوک‌مدادی,۱۹۵٬۰۰۰,سالم,سالم و پلمپ,دوررنگ,۸ ماه,۲۸۰٬۰۰۰٬۰۰۰ تومان
۱۳۸۹,سفید,۱۷۰٬۰۰۰,سالم,سالم و پلمپ,خط و خش جزیی,,۲۴۵٬۰۰۰٬۰۰۰ تومان
۱۳۹۶,مشکی,۹۵٬۰۰۰,سالم,سالم و پلمپ,خط و خش جزیی,۶ ماه,۱۱۱٬۱۱۱٬۱۱۱ تومان
۱۳۸۴,نقره‌ای,۴۵۵٬۰۰۰,سالم,سالم و پلمپ,دوررنگ,۶ ماه,۱۸۰٬۰۰۰٬۰۰۰ تومان
۱۳۸۶,خاکستری,۲۸۰٬۰۰۰,سالم,سالم و پلمپ,خط و خش جزیی,۹ ماه,۲۰۵٬۰۰۰٬۰۰۰ تومان
۱۴۰۱,سفید,۰,سالم,سالم و پلمپ,سالم و بی‌خط و خش,۱۲ ماه,۴۸۷٬۰۰۰٬۰۰۰ تومان
۱۳۹۱,آلبالویی,۱۱۲٬۰۰۰,سالم,سالم و پلمپ,خط و خش جزیی,۲ ماه,۲۹۰٬۰۰۰٬۰۰۰ تومان
۱۳۸۹,سفید,۲۲۰٬۰۰۰,سالم,سالم و پلمپ,خط و خش جزیی,۶ ماه,۲۵۵٬۰۰۰٬۰۰۰ تومان
۱۳۹۹,سفید,۲۹٬۵۰۰,سالم,سالم و پلمپ,خط و خش جزیی,۱۲ ماه,۴۱۰٬۰۰۰٬۰۰۰ تومان
۱۴۰۰,مشکی,۳۶٬۰۰۰,سالم,سالم و پلمپ,رنگ‌شدگی,۶ ماه,۴۴۵٬۰۰۰٬۰۰۰ تومان
۱۴۰۰,خاکستری,۷٬۰۰۰,سالم,سالم و پلمپ,سالم و بی‌خط و خش,۳ ماه,۴۶۰٬۰۰۰٬۰۰۰ تومان
۱۳۹۸,سفید,۴۰٬۰۰۰,سالم,سالم و پلمپ,سالم و بی‌خط و خش,۸ ماه,۴۰۴٬۰۰۰٬۰۰۰ تومان
۱۳۹۴,سفید,۲۲۰٬۰۰۰,سالم,ضربه‌خورده,رنگ‌شدگی,۸ ماه,۲۵۵٬۰۰۰٬۰۰۰ تومان
۱۳۹۰,سفید,۱۷۰٬۰۰۰,سالم,سالم و پلمپ,رنگ‌شدگی، در ۲ ناحیه,۸ ماه,۲۸۰٬۰۰۰٬۰۰۰ تومان
۱۳۹۶,بادمجانی,۷۴٬۰۰۰,سالم,سالم و پلمپ,خط و خش جزیی,۶ ماه,۳۶۵٬۰۰۰٬۰۰۰ تومان
۱۳۸۱,مشکی,۲۰۰٬۰۰۰,سالم,سالم و پلمپ,رنگ‌شدگی,۶ ماه,۱۶۵٬۰۰۰٬۰۰۰ تومان
۱۳۸۳,بژ,۲۰۰٬۰۰۰,سالم,سالم و پلمپ,رنگ‌شدگی,۴ ماه,۱۹۰٬۰۰۰٬۰۰۰ تومان
۱۴۰۱,سفید,۸٬۰۰۰,سالم,سالم و پلمپ,سالم و بی‌خط و خش,۶ ماه,۴۹۰٬۰۰۰٬۰۰۰ تومان
۱۳۸۲,بژ,۴۰۰٬۰۰۰,سالم,ضربه‌خورده,رنگ‌شدگی,۱۲ ماه,۱۹۵٬۰۰۰٬۰۰۰ تومان
۱۳۸۹,سفید,۱۴۰٬۰۰۰,سالم,سالم و پلمپ,رنگ‌شدگی,۶ ماه,۲۳۸٬۰۰۰٬۰۰۰ تومان
۱۳۹۰,سفید,۳۰۰٬۰۰۰,سالم,سالم و پلمپ,خط و خش جزیی,۳ ماه,۲۷۰٬۰۰۰٬۰۰۰ تومان
۱۴۰۱,سفید,۸٬۰۰۰,سالم,سالم و پلمپ,سالم و بی‌خط و خش,۳ ماه,۴۸۰٬۰۰۰٬۰۰۰ تومان
۱۳۸۵,خاکستری,۲۳۰٬۰۰۰,سالم,سالم و پلمپ,رنگ‌شدگی,۱۲ ماه,۲۲۹٬۰۰۰٬۰۰۰ تومان
,,,,,,,
۱۴۰۱,سفید,۱۰٬۰۰۰,سالم,سالم و پلمپ,سالم و بی‌خط و خش,۵ ماه,۴۷۵٬۰۰۰٬۰۰۰ تومان
۱۳۹۰,سفید,۱۶۰٬۰۰۰,سالم,سالم و پلمپ,صافکاری بی‌رنگ,۸ ماه,۲۸۰٬۰۰۰٬۰۰۰ تومان
۱۳۸۸,بادمجانی,۱۶۳٬۰۰۰,سالم,سالم و پلمپ,رنگ‌شدگی، در ۱ ناحیه,۶ ماه,۲۹۵٬۰۰۰٬۰۰۰ تومان
۱۳۸۸,خاکستری,۲۳۲٬۰۰۰,سالم,سالم و پلمپ,رنگ‌شدگی,۱۲ ماه,۲۱۵٬۰۰۰٬۰۰۰ تومان
۱۳۸۸,سفید,۲۸۰٬۰۰۰,تعویض شده,سالم و پلمپ,رنگ‌شدگی,۱۱ ماه,۲۶۵٬۰۰۰٬۰۰۰ تومان
۱۳۹۶,سفید,۱۶۵٬۰۰۰,سالم,سالم و پلمپ,رنگ‌شدگی,۴ ماه,۳۱۰٬۰۰۰٬۰۰۰ تومان
۱۳۹۹,سفید,۷٬۰۰۰,سالم,سالم و پلمپ,سالم و بی‌خط و خش,۶ ماه,۴۵۴٬۰۰۰٬۰۰۰ تومان
۱۳۸۳,بژ,۳۴۰٬۰۰۰,تعویض شده,سالم و پلمپ,خط و خش جزیی,۶ ماه,۲۱۵٬۰۰۰٬۰۰۰ تومان
۱۳۹۷,سفید,۹۰٬۰۰۰,سالم,سالم و پلمپ,رنگ‌شدگی,۷ ماه,۳۰۵٬۰۰۰٬۰۰۰ تومان
۱۳۹۹,سفید,۶۲٬۰۰۰,سالم,سالم و پلمپ,سالم و بی‌خط و خش,۵ ماه,۴۲۰٬۰۰۰٬۰۰۰ تومان
۱۳۹۱,بادمجانی,۲۸۰٬۰۰۰,سالم,سالم و پلمپ,سالم و بی‌خط و خش,۸ ماه,۲۹۵٬۰۰۰٬۰۰۰ تومان
۱۳۸۱,بژ,۳۰۰٬۰۰۰,تعویض شده,سالم و پلمپ,دوررنگ,۸ ماه,۱۶۰٬۰۰۰٬۰۰۰ تومان
۱۳۸۲,یشمی,۴۵۰٬۰۰۰,سالم,سالم و پلمپ,دوررنگ,۶ ماه,۱۷۰٬۰۰۰٬۰۰۰ تومان
۱۳۸۳,نقره‌ای,۴۰۰٬۰۰۰,سالم,سالم و پلمپ,دوررنگ,۶ ماه,۲۰۰٬۰۰۰٬۰۰۰ تومان
۱۳۹۹,سفید,۶۲٬۰۰۰,سالم,سالم و پلمپ,سالم و بی‌خط و خش,۶ ماه,۴۲۸٬۰۰۰٬۰۰۰ تومان
۱۳۸۴,نوک‌مدادی,۲۳۵٬۰۰۰,سالم,سالم و پلمپ,خط و خش جزیی,۸ ماه,۲۱۷٬۰۰۰٬۰۰۰ تومان
۱۳۸۳,مشکی,۲۷۶٬۰۰۰,سالم,سالم و پلمپ,رنگ‌شدگی,۶ ماه,۱۸۰٬۰۰۰٬۰۰۰ تومان
۱۳۸۳,نقره‌ای,۲۴۰٬۰۰۰,,سالم و پلمپ,دوررنگ,۱۱ ماه,۱۹۰٬۰۰۰٬۰۰۰ تومان
۱۳۸۶,خاکستری,۱۹۰٬۰۰۰,سالم,سالم و پلمپ,رنگ‌شدگی,۶ ماه,۲۳۰٬۰۰۰٬۰۰۰ تومان
۱۳۹۰,سفید,۱۶۰٬۰۰۰,سالم,ضربه‌خورده,دوررنگ,۱۱ ماه,۲۱۶٬۰۰۰٬۰۰۰ تومان
۱۳۹۶,سفید,۱۴۰٬۰۰۰,سالم,,رنگ‌شدگی,۱۰ ماه,۳۴۰٬۰۰۰٬۰۰۰ تومان
۱۳۹۵,سفید,۱۸۱٬۰۰۰,سالم,سالم و پلمپ,خط و خش جزیی,۷ ماه,۳۳۷٬۰۰۰٬۰۰۰ تومان
۱۳۹۵,نوک‌مدادی,۹۰٬۰۰۰,سالم,سالم و پلمپ,صافکاری بی‌رنگ,۳ ماه,۳۷۰٬۰۰۰٬۰۰۰ تومان
۱۳۸۴,نقره‌ای,۲۰۴٬۰۰۰,سالم,سالم و پلمپ,رنگ‌شدگی,۷ ماه,۲۲۵٬۰۰۰٬۰۰۰ تومان
۱۴۰۱,سفید,۰,,,سالم و بی‌خط و خش,,۱۱۱٬۱۱۱٬۱۱۱ تومان
۱۴۰۰,سفید,۵۱٬۰۰۰,سالم,سالم و پلمپ,سالم و بی‌خط و خش,۸ ماه,۴۲۵٬۰۰۰٬۰۰۰ تومان
۱۳۸۲,نقره‌ای,۲۹۰٬۰۰۰,سالم,سالم و پلمپ,سالم و بی‌خط و خش,۱۰ ماه,۱۸۵٬۰۰۰٬۰۰۰ تومان
۱۳۸۳,نقره‌ای,۲۴۰٬۰۰۰,سالم,سالم و پلمپ,رنگ‌شدگی,۵ ماه,۱۸۰٬۰۰۰٬۰۰۰ تومان
۱۳۸۳,نقره‌ای,۳۶۰٬۰۰۰,سالم,سالم و پلمپ,خط و خش جزیی,۶ ماه,۲۳۵٬۰۰۰٬۰۰۰ تومان
۱۳۸۲,سفید,۳۵۰٬۰۰۰,سالم,سالم و پلمپ,صافکاری بی‌رنگ,۱۰ ماه,۲۲۰٬۰۰۰٬۰۰۰ تومان
۱۳۹۸,قرمز,۷۷٬۰۰۰,سالم,سالم و پلمپ,سالم و بی‌خط و خش,۸ ماه,۳۸۸٬۰۰۰٬۰۰۰ تومان
۱۴۰۱,سفید,۰,سالم,سالم و پلمپ,سالم و بی‌خط و خش,,۴۹۲٬۵۰۰٬۰۰۰ تومان
۱۳۹۹,سفید,۵۷٬۰۰۰,سالم,سالم و پلمپ,سالم و بی‌خط و خش,۱۲ ماه,۴۱۰٬۰۰۰٬۰۰۰ تومان
۱۳۸۷,نقره‌ای,۱۳۰٬۰۰۰,سالم,سالم و پلمپ,سالم و بی‌خط و خش,۴ ماه,۲۶۷٬۰۰۰٬۰۰۰ تومان
,,,,,,,
۱۳۸۹,سفید,۲۱۰٬۰۰۰,سالم,سالم و پلمپ,سالم و بی‌خط و خش,,۳۲۰٬۰۰۰٬۰۰۰ تومان
۱۳۸۷,سفید,۳۰۰٬۰۰۰,سالم,سالم و پلمپ,خط و خش جزیی,۱۰ ماه,۲۴۰٬۰۰۰٬۰۰۰ تومان
۱۳۸۵,نقره‌ای,۱۱۱٬۱۲۲,سالم,سالم و پلمپ,سالم و بی‌خط و خش,۲ ماه,۱۹۹٬۰۰۰٬۰۰۰ تومان
۱۳۹۰,سفید,۳۲۰٬۰۰۰,سالم,سالم و پلمپ,خط و خش جزیی,۹ ماه,۲۹۰٬۰۰۰٬۰۰۰ تومان
۱۳۸۴,نقره‌ای,۳۵۰٬۰۰۰,سالم,سالم و پلمپ,رنگ‌شدگی,۵ ماه,۲۳۰٬۰۰۰٬۰۰۰ تومان
۱۳۹۵,سفید,۱۲۷٬۰۰۰,سالم,سالم و پلمپ,سالم و بی‌خط و خش,۶ ماه,۳۴۳٬۰۰۰٬۰۰۰ تومان
۱۳۸۳,نقره‌ای,۲۴۰٬۰۰۰,سالم,سالم و پلمپ,دوررنگ,۱۲ ماه,۱۶۵٬۰۰۰٬۰۰۰ تومان
۱۳۸۴,خاکستری,۳۰۰٬۰۰۰,سالم,سالم و پلمپ,رنگ‌شدگی,۵ ماه,۲۲۹٬۰۰۰٬۰۰۰ تومان
۱۳۹۸,سفید,۸۶٬۰۰۰,سالم,سالم و پلمپ,رنگ‌شدگی,۱۱ ماه,۳۶۰٬۰۰۰٬۰۰۰ تومان
۱۴۰۱,سفید,۰,سالم,سالم و پلمپ,سالم و بی‌خط و خش,۱۲ ماه,۴۸۷٬۰۰۰٬۰۰۰ تومان
۱۴۰۰,سفید,۸٬۰۰۰,سالم,سالم و پلمپ,سالم و بی‌خط و خش,۱۱ ماه,۱۱٬۱۱۱٬۱۱۱ تومان
۱۳۸۶,خاکستری,۲۲۰٬۰۰۰,سالم,سالم و پلمپ,سالم و بی‌خط و خش,۶ ماه,۱۹۴٬۰۰۰٬۰۰۰ تومان
۱۳۸۸,خاکستری,۳۷۰٬۰۰۰,سالم,سالم و پلمپ,خط و خش جزیی,۱ ماه,۲۸۰٬۰۰۰٬۰۰۰ تومان
۱۳۹۹,سفید,۶۹٬۰۰۰,سالم,سالم و پلمپ,سالم و بی‌خط و خش,۱ ماه,۴۱۰٬۰۰۰٬۰۰۰ تومان
۱۳۹۷,سفید,۱۰۰٬۰۰۰,سالم,سالم و پلمپ,سالم و بی‌خط و خش,۶ ماه,۳۷۴٬۰۰۰٬۰۰۰ تومان
۱۳۹۴,گیلاسی,۹۷٬۰۰۰,سالم,,خط و خش جزیی,,۳۷۰٬۰۰۰٬۰۰۰ تومان
۱۴۰۰,خاکستری,۹٬۶۰۰,سالم,سالم و پلمپ,سالم و بی‌خط و خش,۶ ماه,۴۸۰٬۰۰۰٬۰۰۰ تومان
۱۳۹۶,سفید,۹۲٬۰۰۰,سالم,سالم و پلمپ,سالم و بی‌خط و خش,۳ ماه,۳۴۲٬۰۰۰٬۰۰۰ تومان
۱۳۹۹,سفید,۳۴٬۰۰۰,سالم,سالم و پلمپ,رنگ‌شدگی,۷ ماه,۴۰۵٬۰۰۰٬۰۰۰ تومان
۱۳۹۸,نوک‌مدادی,۵۰٬۰۰۰,سالم,سالم و پلمپ,سالم و بی‌خط و خش,۶ ماه,۴۱۸٬۰۰۰٬۰۰۰ تومان
۱۳۹۶,سفید,۶۴٬۰۰۰,سالم,سالم و پلمپ,خط و خش جزیی,۸ ماه,۳۷۰٬۰۰۰٬۰۰۰ تومان
۱۳۸۲,آلبالویی,۱۹۸٬۰۰۰,,سالم و پلمپ,رنگ‌شدگی,,۲۱۵٬۰۰۰٬۰۰۰ تومان
۱۳۸۸,نوک‌مدادی,۱۷۲٬۰۰۰,سالم,,رنگ‌شدگی,۱۲ ماه,۲۵۵٬۰۰۰٬۰۰۰ تومان
۱۳۹۶,سفید,۱۳۵٬۰۰۰,سالم,سالم و پلمپ,رنگ‌شدگی,۴ ماه,۳۰۵٬۰۰۰٬۰۰۰ تومان
۱۳۸۹,نقره‌ای,۴۰۰٬۰۰۰,نیاز به تعمیر,سالم و پلمپ,دوررنگ,۵ ماه,۲۱۰٬۰۰۰٬۰۰۰ تومان
۱۳۹۶,مشکی,۱۵۴٬۰۰۰,سالم,سالم و پلمپ,سالم و بی‌خط و خش,۹ ماه,۳۵۵٬۰۰۰٬۰۰۰ تومان
۱۴۰۰,سفید,۳۲٬۰۰۰,سالم,سالم و پلمپ,خط و خش جزیی,۱۲ ماه,۴۴۵٬۰۰۰٬۰۰۰ تومان
۱۳۸۷,نوک‌مدادی,۴۰۰٬۰۰۰,,سالم و پلمپ,رنگ‌شدگی,,۲۵۰٬۰۰۰٬۰۰۰ تومان
۱۳۹۵,سفید,۱۱۶٬۰۰۰,سالم,سالم و پلمپ,سالم و بی‌خط و خش,۶ ماه,۳۵۰٬۰۰۰٬۰۰۰ تومان
۱۳۹۸,خاکستری,۴۶٬۰۰۰,سالم,سالم و پلمپ,سالم و بی‌خط و خش,۴ ماه,۴۱۰٬۰۰۰٬۰۰۰ تومان
۱۳۸۴,نوک‌مدادی,۲۵۸٬۰۰۰,سالم,سالم و پلمپ,دوررنگ,۶ ماه,۲۱۸٬۰۰۰٬۰۰۰ تومان
۱۳۸۴,خاکستری,۲۹۰٬۰۰۰,سالم,سالم و پلمپ,خط و خش جزیی,۸ ماه,۱۸۵٬۰۰۰٬۰۰۰ تومان
۱۳۹۸,سفید,۳۰٬۰۰۰,سالم,سالم و پلمپ,سالم و بی‌خط و خش,۲ ماه,۴۰۰٬۰۰۰٬۰۰۰ تومان
۱۳۸۹,سفید,۱۵۰٬۰۰۰,سالم,ضربه‌خورده,تصادفی,۳ ماه,۱۲۵٬۰۰۰٬۰۰۰ تومان
۱۳۸۸,خاکستری,۲۴۹٬۰۰۰,سالم,سالم و پلمپ,رنگ‌شدگی,۱۰ ماه,۲۵۲٬۰۰۰٬۰۰۰ تومان
۱۳۸۳,بژ,۴۰۰٬۰۰۰,سالم,سالم و پلمپ,دوررنگ,۴ ماه,۱۷۵٬۰۰۰٬۰۰۰ تومان
۱۳۹۶,سفید,۷۶٬۰۰۰,سالم,سالم و پلمپ,سالم و بی‌خط و خش,۵ ماه,۳۷۵٬۰۰۰٬۰۰۰ تومان
۱۳۹۹,سفید,۵۰٬۰۰۰,سالم,سالم و پلمپ,سالم و بی‌خط و خش,۱۱ ماه,۴۳۵٬۰۰۰٬۰۰۰ تومان
۱۳۹۵,مشکی,۱۹۰٬۰۰۰,سالم,سالم و پلمپ,سالم و بی‌خط و خش,۶ ماه,۳۶۵٬۰۰۰٬۰۰۰ تومان
,,,,,,,
۱۳۹۱,مشکی,۱۶۸٬۰۰۰,سالم,سالم و پلمپ,خط و خش جزیی,۴ ماه,۲۸۰٬۰۰۰٬۰۰۰ تومان
۱۳۸۳,نوک‌مدادی,۲۴۰٬۰۰۰,سالم,سالم و پلمپ,دوررنگ,۸ ماه,۱۶۵٬۰۰۰٬۰۰۰ تومان
۱۳۹۵,نوک‌مدادی,۱۲۰٬۰۰۰,سالم,سالم و پلمپ,رنگ‌شدگی، در ۲ ناحیه,۴ ماه,۱۱٬۱۱۱٬۱۱۱ تومان
۱۳۸۵,خاکستری,۱۶۲٬۰۰۰,سالم,سالم و پلمپ,رنگ‌شدگی، در ۲ ناحیه,۶ ماه,۲۵۵٬۰۰۰٬۰۰۰ تومان
۱۳۹۹,سفید,۵۹٬۰۰۰,سالم,سالم و پلمپ,سالم و بی‌خط و خش,۶ ماه,۴۰۸٬۰۰۰٬۰۰۰ تومان
۱۳۹۵,سفید,۵۹٬۰۰۰,,,خط و خش جزیی,,۳۷۹٬۰۰۰٬۰۰۰ تومان
۱۳۸۶,سفید,۳۰۰٬۰۰۰,سالم,سالم و پلمپ,دوررنگ,۹ ماه,۲۲۰٬۰۰۰٬۰۰۰ تومان
۱۳۹۸,سفید,۱۱۱٬۰۰۰,سالم,سالم و پلمپ,خط و خش جزیی,۱۰ ماه,۳۷۰٬۰۰۰٬۰۰۰ تومان
۱۳۹۶,سفید,۱۲۰٬۰۰۰,سالم,سالم و پلمپ,خط و خش جزیی,۷ ماه,۳۶۵٬۰۰۰٬۰۰۰ تومان
۱۳۸۹,سفید,۲۴۳٬۰۰۰,سالم,سالم و پلمپ,خط و خش جزیی,۱۱ ماه,۲۸۵٬۰۰۰٬۰۰۰ تومان
۱۴۰۱,سفید,۲۲٬۰۰۰,سالم,سالم و پلمپ,سالم و بی‌خط و خش,۶ ماه,۴۷۰٬۰۰۰٬۰۰۰ تومان
۱۴۰۲,سفید,۰,سالم,سالم و پلمپ,سالم و بی‌خط و خش,۱۲ ماه,۱۱٬۱۱۱٬۱۱۱ تومان
۱۳۸۴,نوک‌مدادی,۴۰۰٬۰۰۰,سالم,سالم و پلمپ,رنگ‌شدگی,۷ ماه,۱۸۰٬۰۰۰٬۰۰۰ تومان
۱۳۹۷,خاکستری,۹۰٬۰۰۰,سالم,سالم و پلمپ,خط و خش جزیی,۲ ماه,۳۶۰٬۰۰۰٬۰۰۰ تومان
۱۴۰۰,سفید,۱۸٬۰۰۰,سالم,سالم و پلمپ,سالم و بی‌خط و خش,۱۲ ماه,۴۵۸٬۸۰۰٬۰۰۰ تومان
۱۳۸۲,نقره‌ای,۲٬۲۲۲,سالم,سالم و پلمپ,دوررنگ,۵ ماه,۲۰۵٬۰۰۰٬۰۰۰ تومان
۱۳۹۶,سفید,۹۸٬۰۰۰,سالم,سالم و پلمپ,سالم و بی‌خط و خش,۶ ماه,۳۵۹٬۰۰۰٬۰۰۰ تومان
۱۳۸۶,سفید صدفی,۲۹۹٬۰۰۰,سالم,سالم و پلمپ,خط و خش جزیی,۱۱ ماه,۲۱۵٬۰۰۰٬۰۰۰ تومان
۱۳۸۹,خاکستری,۳۲۳٬۰۰۰,سالم,سالم و پلمپ,رنگ‌شدگی,۵ ماه,۲۶۰٬۰۰۰٬۰۰۰ تومان
۱۳۸۲,قرمز,۳۱۵٬۰۰۰,سالم,سالم و پلمپ,دوررنگ,۶ ماه,۱۸۵٬۰۰۰٬۰۰۰ تومان
۱۳۹۹,خاکستری,۳۳٬۰۰۰,سالم,سالم و پلمپ,خط و خش جزیی,۹ ماه,۴۰۰٬۰۰۰٬۰۰۰ تومان
۱۳۸۶,خاکستری,۲۵۰٬۰۰۰,سالم,سالم و پلمپ,سالم و بی‌خط و خش,۱ ماه,۲۸۰٬۰۰۰٬۰۰۰ تومان
۱۳۸۹,نوک‌مدادی,۱۴۶٬۰۰۰,سالم,سالم و پلمپ,خط و خش جزیی,۱۰ ماه,۳۰۰٬۰۰۰٬۰۰۰ تومان
۱۳۸۶,خاکستری,۲۶۰٬۰۰۰,,سالم و پلمپ,رنگ‌شدگی,,۲۳۵٬۰۰۰٬۰۰۰ تومان
,,,,,,,
۱۳۹۶,سفید,۶۴٬۰۰۰,سالم,سالم و پلمپ,سالم و بی‌خط و خش,۱۰ ماه,۳۶۰٬۰۰۰٬۰۰۰ تومان
۱۴۰۱,سفید,۰,سالم,سالم و پلمپ,سالم و بی‌خط و خش,۱۲ ماه,۱۱٬۱۱۱٬۱۱۱ تومان
۱۳۹۸,سفید,۷۰٬۰۰۰,سالم,سالم و پلمپ,سالم و بی‌خط و خش,۶ ماه,۴۰۵٬۰۰۰٬۰۰۰ تومان
۱۳۹۶,سفید,۵۵٬۰۰۰,سالم,سالم و پلمپ,دوررنگ,۷ ماه,۲۹۰٬۰۰۰٬۰۰۰ تومان
۱۳۸۹,سفید,۱۸۰٬۰۰۰,سالم,سالم و پلمپ,رنگ‌شدگی,۱۲ ماه,۲۷۰٬۰۰۰٬۰۰۰ تومان
۱۳۹۶,سفید,۱۲۱٬۰۰۰,سالم,سالم و پلمپ,خط و خش جزیی,۹ ماه,۳۶۵٬۰۰۰٬۰۰۰ تومان
۱۴۰۱,سفید,۲٬۳۰۰,سالم,سالم و پلمپ,سالم و بی‌خط و خش,۴ ماه,۵۰۰٬۰۰۰٬۰۰۰ تومان
۱۳۸۹,مسی,۱۹۹٬۹۹۹,سالم,سالم و پلمپ,رنگ‌شدگی,۶ ماه,۲۳۵٬۰۰۰٬۰۰۰ تومان
۱۴۰۱,سفید,۶۵۰,سالم,سالم و پلمپ,سالم و بی‌خط و خش,۶ ماه,۵۰۵٬۰۰۰٬۰۰۰ تومان
۱۳۹۵,سفید,۱۱۲٬۰۰۰,سالم,سالم و پلمپ,سالم و بی‌خط و خش,,۳۶۸٬۰۰۰٬۰۰۰ تومان
۱۳۸۲,بژ,۳٬۳۵۰,سالم,سالم و پلمپ,دوررنگ,۱۲ ماه,۱۰۱٬۰۱۰٬۱۰۱ تومان
۱۳۸۶,مشکی,۱۸۰٬۰۰۰,سالم,سالم و پلمپ,خط و خش جزیی,۱۲ ماه,۲۶۰٬۰۰۰٬۰۰۰ تومان
۱۴۰۰,سفید,۱۳٬۳۰۰,سالم,سالم و پلمپ,سالم و بی‌خط و خش,۶ ماه,۴۵۶٬۰۰۰٬۰۰۰ تومان
,,,,,,,
۱۳۸۸,خاکستری,۲۲۵٬۰۰۰,سالم,سالم و پلمپ,رنگ‌شدگی,۱۲ ماه,۲۷۰٬۰۰۰٬۰۰۰ تومان
۱۳۹۰,سفید,۲۰۰٬۰۰۰,سالم,سالم و پلمپ,سالم و بی‌خط و خش,۳ ماه,۲۸۲٬۰۰۰٬۰۰۰ تومان
۱۳۹۷,سفید,۶۶٬۰۰۰,سالم,سالم و پلمپ,سالم و بی‌خط و خش,۳ ماه,۳۷۷٬۰۰۰٬۰۰۰ تومان
۱۳۸۵,خاکستری,۲۵۸٬۰۰۰,سالم,سالم و پلمپ,رنگ‌شدگی,۲ ماه,۲۲۵٬۰۰۰٬۰۰۰ تومان
۱۳۸۸,نوک‌مدادی,۲۵۰٬۰۰۰,سالم,سالم و پلمپ,دوررنگ,۴ ماه,۱۱۱٬۱۱۱٬۱۱۱ تومان
۱۳۸۷,مسی,۱۸۳٬۰۰۰,سالم,سالم و پلمپ,رنگ‌شدگی,۱ ماه,۲۵۰٬۰۰۰٬۰۰۰ تومان
۱۳۹۸,سفید,۸٬۶۰۰,سالم,سالم و پلمپ,سالم و بی‌خط و خش,۱ ماه,۴۲۰٬۰۰۰٬۰۰۰ تومان
۱۳۹۶,مشکی,۵۷٬۰۰۰,سالم,سالم و پلمپ,سالم و بی‌خط و خش,۶ ماه,۱۱٬۱۱۱٬۱۱۱ تومان
۱۳۹۶,سفید,۱۰۰٬۰۰۰,سالم,سالم و پلمپ,صافکاری بی‌رنگ,۱۲ ماه,۳۴۵٬۰۰۰٬۰۰۰ تومان
۱۳۹۵,مشکی,۹۰٬۰۰۰,سالم,سالم و پلمپ,خط و خش جزیی,۹ ماه,۳۹۰٬۰۰۰٬۰۰۰ تومان
۱۳۸۹,سفید,۲۱۱٬۰۰۰,سالم,سالم و پلمپ,سالم و بی‌خط و خش,۱۰ ماه,۲۷۸٬۰۰۰٬۰۰۰ تومان
۱۳۸۸,سفید,۲۰۵٬۰۰۰,سالم,سالم و پلمپ,رنگ‌شدگی,۶ ماه,۲۵۵٬۰۰۰٬۰۰۰ تومان
۱۳۹۶,سفید,۱۴۴٬۰۰۰,سالم,سالم و پلمپ,سالم و بی‌خط و خش,۱۱ ماه,۳۴۰٬۰۰۰٬۰۰۰ تومان
۱۳۹۷,سفید,۷۲٬۰۰۰,سالم,سالم و پلمپ,سالم و بی‌خط و خش,۸ ماه,۴۰۵٬۰۰۰٬۰۰۰ تومان
۱۴۰۰,سفید,۱۷٬۰۰۰,سالم,سالم و پلمپ,سالم و بی‌خط و خش,۱۱ ماه,۴۷۰٬۰۰۰٬۰۰۰ تومان
,,,,,,,
۱۳۸۲,مشکی,۱۸۰٬۰۰۰,سالم,سالم و پلمپ,سالم و بی‌خط و خش,۱۲ ماه,۲۸۵٬۰۰۰٬۰۰۰ تومان
۱۳۸۲,سفید,۴۷۰٬۰۰۰,سالم,سالم و پلمپ,رنگ‌شدگی,۵ ماه,۱۸۰٬۰۰۰٬۰۰۰ تومان
۱۳۹۹,سفید,۱۰٬۰۰۰,سالم,سالم و پلمپ,خط و خش جزیی,۹ ماه,۴۴۵٬۰۰۰٬۰۰۰ تومان
۱۳۹۹,سفید,۱۵٬۰۰۰,سالم,سالم و پلمپ,خط و خش جزیی,۱۰ ماه,۴۲۰٬۰۰۰٬۰۰۰ تومان
۱۳۸۵,نقره‌ای,۲۴۵٬۰۰۰,سالم,,رنگ‌شدگی,۱۲ ماه,۲۳۵٬۰۰۰٬۰۰۰ تومان
۱۳۸۷,سفید,۲۸۸٬۰۰۰,سالم,سالم و پلمپ,خط و خش جزیی,۲ ماه,۲۳۶٬۰۰۰٬۰۰۰ تومان
۱۳۹۰,سفید,۲۷۷٬۰۰۰,سالم,,رنگ‌شدگی، در ۲ ناحیه,۸ ماه,۲۶۰٬۰۰۰٬۰۰۰ تومان
۱۳۸۲,نقرآبی,۲۴۳٬۰۰۰,سالم,سالم و پلمپ,رنگ‌شدگی,۶ ماه,۱۸۸٬۰۰۰٬۰۰۰ تومان
۱۳۸۸,خاکستری,۲۰۰٬۰۰۰,سالم,سالم و پلمپ,دوررنگ,۹ ماه,۱۹۷٬۰۰۰٬۰۰۰ تومان
۱۳۹۹,سفید,۴۴٬۰۰۰,سالم,سالم و پلمپ,سالم و بی‌خط و خش,۵ ماه,۴۲۰٬۰۰۰٬۰۰۰ تومان
۱۳۸۳,نقره‌ای,۳۳۵٬۰۰۰,سالم,سالم و پلمپ,دوررنگ,۹ ماه,۱۸۸٬۰۰۰٬۰۰۰ تومان
۱۳۹۶,سفید,۱۵۰٬۰۰۰,سالم,سالم و پلمپ,خط و خش جزیی,۹ ماه,۳۴۲٬۰۰۰٬۰۰۰ تومان
۱۴۰۱,سفید,۱۱٬۰۰۰,سالم,سالم و پلمپ,سالم و بی‌خط و خش,۵ ماه,۴۸۰٬۰۰۰٬۰۰۰ تومان
۱۴۰۱,سفید,۰,سالم,سالم و پلمپ,سالم و بی‌خط و خش,۶ ماه,۵۰۵٬۰۰۰٬۰۰۰ تومان
۱۳۸۷,سفید,۳۳۰٬۰۰۰,سالم,سالم و پلمپ,خط و خش جزیی,۵ ماه,۲۳۰٬۰۰۰٬۰۰۰ تومان
۱۳۹۹,سفید,۶۴٬۰۰۰,سالم,سالم و پلمپ,رنگ‌شدگی,۱۲ ماه,۳۹۰٬۰۰۰٬۰۰۰ تومان
۱۳۸۶,نقره‌ای,۳۰۲٬۰۰۰,سالم,سالم و پلمپ,رنگ‌شدگی,۶ ماه,۲۲۸٬۰۰۰٬۰۰۰ تومان
۱۳۸۲,مشکی,۳۰۰٬۰۰۰,سالم,سالم و پلمپ,خط و خش جزیی,۸ ماه,۱۹۰٬۰۰۰٬۰۰۰ تومان
۱۳۹۵,سفید,۱۳۱٬۰۰۰,تعویض شده,سالم و پلمپ,رنگ‌شدگی,۸ ماه,۳۵۶٬۰۰۰٬۰۰۰ تومان
۱۳۹۱,سفید,۱۱۱٬۰۰۰,سالم,سالم و پلمپ,تمام‌رنگ,۸ ماه,۲۳۵٬۰۰۰٬۰۰۰ تومان
۱۳۹۷,سفید,۷۲٬۰۰۰,سالم,سالم و پلمپ,خط و خش جزیی,۸ ماه,۳۹۵٬۰۰۰٬۰۰۰ تومان
۱۳۸۳,نقرآبی,۲۵۰٬۰۰۰,تعویض شده,سالم و پلمپ,رنگ‌شدگی,۱ ماه,۲۱۰٬۰۰۰٬۰۰۰ تومان
۱۳۸۵,نقره‌ای,۳۲۰٬۰۰۰,سالم,سالم و پلمپ,رنگ‌شدگی,۸ ماه,۲۱۵٬۰۰۰٬۰۰۰ تومان
۱۳۸۹,خاکستری,۲۶۵٬۰۰۰,سالم,سالم و پلمپ,دوررنگ,۱۱ ماه,۲۳۷٬۰۰۰٬۰۰۰ تومان
,,,,,,,
۱۳۸۹,نقره‌ای,۱۹۷٬۵۰۰,سالم,سالم و پلمپ,رنگ‌شدگی,۷ ماه,۲۵۲٬۰۰۰٬۰۰۰ تومان
۱۳۹۱,سفید,۱۷۰٬۰۰۰,سالم,سالم و پلمپ,خط و خش جزیی,۳ ماه,۳۱۰٬۰۰۰٬۰۰۰ تومان
۱۳۹۶,سفید,۱۱۰٬۰۰۰,سالم,سالم و پلمپ,خط و خش جزیی,۷ ماه,۳۶۰٬۰۰۰٬۰۰۰ تومان
۱۳۸۸,مشکی,۳۰۰٬۰۰۰,سالم,سالم و پلمپ,خط و خش جزیی,,۲۵۵٬۰۰۰٬۰۰۰ تومان
۱۳۸۷,نقرآبی,۲۷۰٬۰۰۰,سالم,سالم و پلمپ,رنگ‌شدگی,۱۰ ماه,۲۲۵٬۰۰۰٬۰۰۰ تومان
۱۳۸۷,نوک‌مدادی,۱۶۷٬۰۰۰,سالم,سالم و پلمپ,تصادفی,۴ ماه,۱۱٬۱۱۱٬۱۱۱ تومان
۱۳۹۰,آلبالویی,۲۵۰٬۰۰۰,سالم,سالم و پلمپ,رنگ‌شدگی,۱۱ ماه,۳۲۹٬۰۰۰٬۰۰۰ تومان
۱۳۹۶,سفید,۷۰٬۰۰۰,سالم,سالم و پلمپ,سالم و بی‌خط و خش,۱ ماه,۳۴۰٬۰۰۰٬۰۰۰ تومان
۱۳۹۸,سفید,۱۲۰٬۰۰۰,سالم,سالم و پلمپ,سالم و بی‌خط و خش,۱۲ ماه,۴۰۰٬۰۰۰٬۰۰۰ تومان
۱۴۰۰,مشکی,۳۸٬۰۰۰,سالم,سالم و پلمپ,سالم و بی‌خط و خش,۸ ماه,۴۴۰٬۰۰۰٬۰۰۰ تومان
۱۳۸۳,نقرآبی,۳۷۰٬۰۰۰,سالم,سالم و پلمپ,رنگ‌شدگی,,۱۹۰٬۰۰۰٬۰۰۰ تومان
۱۴۰۰,مشکی,۶۶٬۰۰۰,سالم,سالم و پلمپ,سالم و بی‌خط و خش,۱۰ ماه,۴۳۰٬۰۰۰٬۰۰۰ تومان
۱۳۸۲,نقره‌ای,۳۲۰٬۰۰۰,سالم,سالم و پلمپ,رنگ‌شدگی,۳ ماه,۱۷۷٬۰۰۰٬۰۰۰ تومان
۱۳۸۶,نقره‌ای,۳۸۰٬۰۰۰,سالم,سالم و پلمپ,رنگ‌شدگی,۱ ماه,۲۴۵٬۰۰۰٬۰۰۰ تومان
۱۳۸۹,سفید,۳۰۰٬۰۰۰,سالم,سالم و پلمپ,دوررنگ,۲ ماه,۲۶۰٬۰۰۰٬۰۰۰ تومان
۱۳۸۹,نقره‌ای,۱۷۶٬۰۰۰,سالم,سالم و پلمپ,سالم و بی‌خط و خش,۵ ماه,۲۶۸٬۰۰۰٬۰۰۰ تومان
۱۴۰۱,سفید,۹٬۸۰۰,سالم,سالم و پلمپ,سالم و بی‌خط و خش,۹ ماه,۴۷۵٬۰۰۰٬۰۰۰ تومان
۱۳۹۱,سفید,۳۰۰٬۰۰۰,,,رنگ‌شدگی، در ۲ ناحیه,۱۱ ماه,۲۸۰٬۰۰۰٬۰۰۰ تومان
,,,,,,,
۱۳۸۵,نوک‌مدادی,۲۷۵٬۰۰۰,سالم,سالم و پلمپ,رنگ‌شدگی,۷ ماه,۲۰۰٬۰۰۰٬۰۰۰ تومان
۱۳۸۴,نقره‌ای,۳۱۲٬۰۰۰,سالم,سالم و پلمپ,دوررنگ,۴ ماه,۲۱۰٬۰۰۰٬۰۰۰ تومان
۱۳۸۲,نقره‌ای,۲۷۵٬۰۰۰,سالم,سالم و پلمپ,رنگ‌شدگی,۸ ماه,۲۶۹٬۰۰۰٬۰۰۰ تومان
۱۳۸۷,نقره‌ای,۴۰۰٬۰۰۰,سالم,سالم و پلمپ,رنگ‌شدگی,۳ ماه,۲۲۵٬۰۰۰٬۰۰۰ تومان
۱۳۹۳,خاکستری,۱۶۰٬۰۰۰,سالم,ضربه‌خورده,تمام‌رنگ,۶ ماه,۲۲۹٬۰۰۰٬۰۰۰ تومان
۱۳۸۴,نقره‌ای,۲۰۰٬۰۰۰,سالم,سالم و پلمپ,رنگ‌شدگی,۷ ماه,۲۴۵٬۰۰۰٬۰۰۰ تومان
۱۴۰۱,سفید,۸٬۹۰۰,سالم,سالم و پلمپ,خط و خش جزیی,۱۲ ماه,۴۶۵٬۰۰۰٬۰۰۰ تومان
۱۳۸۸,سفید,۴۵۰٬۰۰۰,سالم,سالم و پلمپ,صافکاری بی‌رنگ,۱۰ ماه,۲۶۵٬۰۰۰٬۰۰۰ تومان
۱۳۸۲,مشکی,۳۰٬۰۰۰,سالم,ضربه‌خورده,تمام‌رنگ,۶ ماه,۱۵۵٬۰۰۰٬۰۰۰ تومان
۱۳۹۵,مشکی,۲۰۱٬۰۰۰,سالم,سالم و پلمپ,رنگ‌شدگی,۶ ماه,۳۴۳٬۰۰۰٬۰۰۰ تومان
۱۳۸۸,نقره‌ای,۲۲۰٬۰۰۰,سالم,سالم و پلمپ,سالم و بی‌خط و خش,۷ ماه,۲۶۰٬۰۰۰٬۰۰۰ تومان
۱۳۸۹,سفید,۲۱۴٬۰۰۰,سالم,سالم و پلمپ,خط و خش جزیی,۷ ماه,۲۸۰٬۰۰۰٬۰۰۰ تومان
۱۳۹۱,سفید,۱۶۰٬۰۰۰,سالم,سالم و پلمپ,سالم و بی‌خط و خش,۸ ماه,۲۹۰٬۰۰۰٬۰۰۰ تومان
۱۳۸۹,سفید,۲۴۰٬۰۰۰,سالم,سالم و پلمپ,رنگ‌شدگی,۵ ماه,۲۵۰٬۰۰۰٬۰۰۰ تومان
۱۳۹۸,سفید صدفی,۷۰٬۰۰۰,,سالم و پلمپ,سالم و بی‌خط و خش,,۴۱۰٬۰۰۰٬۰۰۰ تومان
۱۳۸۷,سفید,۳۰۲٬۰۰۰,سالم,سالم و پلمپ,سالم و بی‌خط و خش,۸ ماه,۲۸۵٬۰۰۰٬۰۰۰ تومان
۱۳۹۶,سفید,۱۴۰٬۰۰۰,سالم,سالم و پلمپ,خط و خش جزیی,۱۲ ماه,۳۶۵٬۰۰۰٬۰۰۰ تومان
۱۳۹۸,سفید,۲۴٬۰۰۰,سالم,سالم و پلمپ,سالم و بی‌خط و خش,۷ ماه,۴۱۳٬۰۰۰٬۰۰۰ تومان
۱۳۸۳,خاکستری,۲۳۰٬۰۰۰,سالم,سالم و پلمپ,سالم و بی‌خط و خش,۹ ماه,۲۴۵٬۰۰۰٬۰۰۰ تومان
۱۳۹۸,سفید,۳۲٬۰۰۰,سالم,سالم و پلمپ,سالم و بی‌خط و خش,۸ ماه,۴۰۸٬۰۰۰٬۰۰۰ تومان
۱۳۹۶,خاکستری,۵۰٬۰۰۰,سالم,سالم و پلمپ,سالم و بی‌خط و خش,۹ ماه,۳۷۵٬۰۰۰٬۰۰۰ تومان
۱۳۸۱,مشکی,۳۹۰٬۰۰۰,سالم,سالم و پلمپ,خط و خش جزیی,۱ ماه,۱۵۸٬۰۰۰٬۰۰۰ تومان
۱۳۹۹,سفید,۴۵٬۰۰۰,سالم,سالم و پلمپ,سالم و بی‌خط و خش,۴ ماه,۴۱۰٬۰۰۰٬۰۰۰ تومان
۱۳۸۲,طلایی,۲۰۰٬۰۰۰,سالم,سالم و پلمپ,تمام‌رنگ,۱۱ ماه,۲۲۵٬۰۰۰٬۰۰۰ تومان
۱۳۸۸,خاکستری,۳۱۰٬۰۰۰,سالم,سالم و پلمپ,رنگ‌شدگی,۶ ماه,۲۳۲٬۰۰۰٬۰۰۰ تومان
۱۳۹۹,سفید,۱۵٬۰۰۰,سالم,سالم و پلمپ,سالم و بی‌خط و خش,۲ ماه,۴۳۰٬۰۰۰٬۰۰۰ تومان
۱۳۸۷,بژ,۲۳۰٬۰۰۰,سالم,سالم و پلمپ,سالم و بی‌خط و خش,۷ ماه,۲۵۰٬۰۰۰٬۰۰۰ تومان
۱۳۸۸,سفید,۳۰۶٬۰۰۰,سالم,سالم و پلمپ,رنگ‌شدگی,۴ ماه,۲۵۵٬۰۰۰٬۰۰۰ تومان
۱۳۹۶,سفید,۷۱٬۰۰۰,سالم,سالم و پلمپ,رنگ‌شدگی,۴ ماه,۳۵۵٬۰۰۰٬۰۰۰ تومان
۱۳۹۶,سفید,۱۸۵٬۰۰۰,سالم,سالم و پلمپ,رنگ‌شدگی,۶ ماه,۳۷۵٬۰۰۰٬۰۰۰ تومان
۱۳۹۹,آبی,۲۱٬۰۰۰,سالم,سالم و پلمپ,سالم و بی‌خط و خش,۱۰ ماه,۱۱۱٬۱۱۰٬۰۰۰ تومان
۱۴۰۱,سفید صدفی,۳۰٬۰۰۰,سالم,سالم و پلمپ,سالم و بی‌خط و خش,۱۲ ماه,۴۷۰٬۰۰۰٬۰۰۰ تومان
۱۳۹۰,سفید,۱۶۷٬۰۰۰,سالم,سالم و پلمپ,رنگ‌شدگی,۱۰ ماه,۲۷۵٬۰۰۰٬۰۰۰ تومان
۱۴۰۱,سفید,۲۰۰,سالم,سالم و پلمپ,سالم و بی‌خط و خش,۱۲ ماه,۴۸۰٬۰۰۰٬۰۰۰ تومان
۱۳۸۵,خاکستری,۲۵۰٬۰۰۰,سالم,سالم و پلمپ,دوررنگ,۷ ماه,۲۵۰٬۰۰۰٬۰۰۰ تومان
۱۳۹۸,سفید,۴۵٬۱۵۰,سالم,سالم و پلمپ,سالم و بی‌خط و خش,۶ ماه,۴۱۰٬۰۰۰٬۰۰۰ تومان
,,,,,,,
۱۳۹۷,سفید,۱۲۷٬۰۰۰,سالم,سالم و پلمپ,سالم و بی‌خط و خش,۱۰ ماه,۳۷۰٬۰۰۰٬۰۰۰ تومان
۱۳۸۳,نقره‌ای,۴۷۰٬۰۰۰,سالم,سالم و پلمپ,دوررنگ,۸ ماه,۱۷۰٬۰۰۰٬۰۰۰ تومان
۱۳۹۹,سفید,۳۵٬۰۰۰,سالم,سالم و پلمپ,سالم و بی‌خط و خش,۸ ماه,۴۳۷٬۰۰۰٬۰۰۰ تومان
۱۴۰۱,سفید,۰,سالم,سالم و پلمپ,سالم و بی‌خط و خش,,۴۹۸٬۰۰۰٬۰۰۰ تومان
۱۳۸۳,نقره‌ای,۱۳۰٬۰۰۰,سالم,سالم و پلمپ,رنگ‌شدگی,۷ ماه,۲۴۰٬۰۰۰٬۰۰۰ تومان
۱۳۹۹,سفید,۵۲٬۰۰۰,سالم,سالم و پلمپ,سالم و بی‌خط و خش,۷ ماه,۴۱۵٬۰۰۰٬۰۰۰ تومان
۱۴۰۱,سفید,۳۰,سالم,سالم و پلمپ,سالم و بی‌خط و خش,۷ ماه,۵۱۲٬۰۰۰٬۰۰۰ تومان
۱۳۸۲,آلبالویی,۲۰۰٬۰۰۰,سالم,سالم و پلمپ,دوررنگ,,۱۷۵٬۰۰۰٬۰۰۰ تومان
۱۳۹۱,سفید,۲۲۰٬۰۰۰,سالم,سالم و پلمپ,رنگ‌شدگی,۵ ماه,۲۸۵٬۰۰۰٬۰۰۰ تومان
۱۳۹۶,سفید,۴۵٬۰۰۰,سالم,سالم و پلمپ,سالم و بی‌خط و خش,۶ ماه,۳۷۸٬۰۰۰٬۰۰۰ تومان
۱۴۰۱,سفید,۱٬۰۰۰,سالم,سالم و پلمپ,سالم و بی‌خط و خش,۱۲ ماه,۴۹۰٬۰۰۰٬۰۰۰ تومان
۱۴۰۱,مشکی,۱۳٬۸۰۰,سالم,سالم و پلمپ,سالم و بی‌خط و خش,۵ ماه,۶۴۴٬۰۰۰٬۰۰۰ تومان
۱۳۸۵,خاکستری,۲۵۰٬۰۰۰,سالم,سالم و پلمپ,دوررنگ,۳ ماه,۲۳۵٬۰۰۰٬۰۰۰ تومان
۱۳۹۷,سفید,۱۲۵٬۰۰۰,سالم,سالم و پلمپ,خط و خش جزیی,۶ ماه,۳۵۵٬۰۰۰٬۰۰۰ تومان
۱۴۰۰,سفید,۳۵٬۰۰۰,سالم,سالم و پلمپ,سالم و بی‌خط و خش,۶ ماه,۴۴۵٬۰۰۰٬۰۰۰ تومان
۱۴۰۲,سفید,۰,سالم,سالم و پلمپ,سالم و بی‌خط و خش,۱۲ ماه,۱۱٬۱۱۱٬۱۱۱٬۱۱۱ تومان
۱۳۹۶,سفید,۱۶۸٬۵۰۰,سالم,سالم و پلمپ,خط و خش جزیی,۱۰ ماه,۳۷۰٬۰۰۰٬۰۰۰ تومان
۱۳۹۸,سفید,۱۲۰٬۰۰۰,سالم,سالم و پلمپ,سالم و بی‌خط و خش,۱۲ ماه,۴۵۰٬۰۰۰٬۰۰۰ تومان
۱۴۰۱,مشکی,۱۸٬۰۰۰,سالم,سالم و پلمپ,سالم و بی‌خط و خش,۱۲ ماه,۴۳۵٬۰۰۰٬۰۰۰ تومان
۱۴۰۰,سفید,۳۰٬۰۰۰,سالم,سالم و پلمپ,سالم و بی‌خط و خش,۸ ماه,۴۳۲٬۰۰۰٬۰۰۰ تومان
۱۳۹۴,سفید,۱۴۵٬۰۰۰,سالم,سالم و پلمپ,خط و خش جزیی,۶ ماه,۳۴۸٬۰۰۰٬۰۰۰ تومان
۱۴۰۱,سفید,۰,,,سالم و بی‌خط و خش,۶ ماه,۱٬۱۱۱٬۱۱۱٬۱۱۱ تومان
۱۳۹۸,سفید,۸۳٬۰۰۰,سالم,سالم و پلمپ,خط و خش جزیی,۳ ماه,۴۰۵٬۰۰۰٬۰۰۰ تومان
۱۳۸۲,یشمی,۴۷۱٬۰۸۶,سالم,سالم و پلمپ,تمام‌رنگ,۶ ماه,۱۲٬۳۴۵٬۶۷۸ تومان
۱۳۸۴,نقره‌ای,۲۱۰٬۰۰۰,سالم,سالم و پلمپ,تمام‌رنگ,۱۰ ماه,۲۰۰٬۰۰۰٬۰۰۰ تومان
۱۳۸۸,سفید,۲۱۰٬۰۰۰,سالم,سالم و پلمپ,خط و خش جزیی,۱۰ ماه,۲۵۰٬۰۰۰٬۰۰۰ تومان
۱۳۸۴,بژ,۲۴۲٬۰۰۰,سالم,سالم و پلمپ,رنگ‌شدگی، در ۲ ناحیه,۱ ماه,۲۱۸٬۰۰۰٬۰۰۰ تومان
۱۳۹۷,سفید,۱۰۰٬۰۰۰,سالم,سالم و پلمپ,سالم و بی‌خط و خش,۳ ماه,۳۵۵٬۰۰۰٬۰۰۰ تومان
۱۳۸۸,خاکستری,۲۱۴٬۰۰۰,سالم,سالم و پلمپ,خط و خش جزیی,۷ ماه,۲۶۵٬۰۰۰٬۰۰۰ تومان
,,,,,,,
۱۳۸۸,سفید,۲۲۰٬۰۰۰,سالم,سالم و پلمپ,رنگ‌شدگی,۱۲ ماه,۲۵۰٬۰۰۰٬۰۰۰ تومان
۱۳۹۴,نوک‌مدادی,۱۴۰٬۰۰۰,سالم,سالم و پلمپ,خط و خش جزیی,۷ ماه,۳۳۵٬۰۰۰٬۰۰۰ تومان
۱۴۰۱,سفید,۰,سالم,سالم و پلمپ,سالم و بی‌خط و خش,۱۲ ماه,۵۳۵٬۰۰۰٬۰۰۰ تومان
۱۳۹۹,سفید,۶۴٬۰۰۰,سالم,سالم و پلمپ,سالم و بی‌خط و خش,۱۲ ماه,۴۱۰٬۰۰۰٬۰۰۰ تومان
۱۳۹۵,خاکستری,۸۱٬۰۰۰,سالم,سالم و پلمپ,سالم و بی‌خط و خش,,۳۸۰٬۰۰۰٬۰۰۰ تومان
۱۴۰۱,سفید,۳٬۴۰۰,سالم,سالم و پلمپ,سالم و بی‌خط و خش,۸ ماه,۴۹۸٬۰۰۰٬۰۰۰ تومان
۱۳۸۴,یشمی,۲۴۴٬۰۰۰,سالم,سالم و پلمپ,خط و خش جزیی,۳ ماه,۲۰۸٬۰۰۰٬۰۰۰ تومان
۱۳۹۹,سفید,۳۰٬۰۰۰,سالم,سالم و پلمپ,سالم و بی‌خط و خش,۸ ماه,۴۲۰٬۰۰۰٬۰۰۰ تومان
۱۴۰۱,سفید,۰,سالم,سالم و پلمپ,سالم و بی‌خط و خش,,۵۰۰٬۰۰۰٬۰۰۰ تومان
۱۳۹۰,سفید,۱۷۰٬۰۰۰,سالم,سالم و پلمپ,سالم و بی‌خط و خش,۸ ماه,۳۰۳٬۰۰۰٬۰۰۰ تومان
۱۳۸۷,نوک‌مدادی,۳۶۰٬۰۰۰,سالم,سالم و پلمپ,رنگ‌شدگی,۱۲ ماه,۲۴۵٬۰۰۰٬۰۰۰ تومان
۱۳۸۹,سفید,۲۰۵٬۰۰۰,سالم,سالم و پلمپ,رنگ‌شدگی، در ۲ ناحیه,۱۲ ماه,۲۹۰٬۰۰۰٬۰۰۰ تومان
۱۴۰۰,خاکستری,۲۲٬۰۰۰,سالم,سالم و پلمپ,سالم و بی‌خط و خش,۶ ماه,۴۵۰٬۰۰۰٬۰۰۰ تومان
۱۳۸۳,نقره‌ای,۳۳۷٬۰۰۰,سالم,سالم و پلمپ,دوررنگ,۹ ماه,۱۹۵٬۰۰۰٬۰۰۰ تومان
۱۳۸۵,خاکستری,۲۲۱٬۰۰۰,سالم,سالم و پلمپ,رنگ‌شدگی,۲ ماه,۲۱۵٬۰۰۰٬۰۰۰ تومان
۱۴۰۱,سفید,۳۸٬۰۰۰,سالم,سالم و پلمپ,سالم و بی‌خط و خش,۸ ماه,۴۷۸٬۰۰۰٬۰۰۰ تومان
۱۳۹۸,خاکستری,۲۵٬۰۰۰,سالم,سالم و پلمپ,سالم و بی‌خط و خش,۹ ماه,۴۳۵٬۰۰۰٬۰۰۰ تومان
,,,,,,,
۱۳۸۴,خاکستری,۲۵۰٬۰۰۰,سالم,سالم و پلمپ,دوررنگ,۸ ماه,۲۲۲٬۰۰۰٬۰۰۰ تومان
۱۳۸۲,آلبالویی,۱۸۹٬۰۰۰,سالم,سالم و پلمپ,تمام‌رنگ,۷ ماه,۱۸۵٬۰۰۰٬۰۰۰ تومان
۱۴۰۱,سفید,۲۷٬۰۰۰,سالم,سالم و پلمپ,سالم و بی‌خط و خش,۱۲ ماه,۴۷۵٬۰۰۰٬۰۰۰ تومان
۱۳۹۹,سفید,۶۰٬۰۰۰,سالم,سالم و پلمپ,سالم و بی‌خط و خش,۱ ماه,۳۸۹٬۰۰۰٬۰۰۰ تومان
,,,,,,,
۱۳۹۸,سفید,۶۸٬۵۰۰,سالم,سالم و پلمپ,رنگ‌شدگی,۸ ماه,۳۷۵٬۰۰۰٬۰۰۰ تومان
,,,,,,,
۱۳۹۰,سفید,۱۲۲٬۰۰۰,سالم,سالم و پلمپ,رنگ‌شدگی,۳ ماه,۲۸۰٬۰۰۰٬۰۰۰ تومان
۱۳۹۴,سفید,۸۴٬۰۰۰,سالم,سالم و پلمپ,رنگ‌شدگی,۱ ماه,۳۱۵٬۰۰۰٬۰۰۰ تومان
۱۳۸۸,سفید,۳۳۰٬۰۰۰,سالم,سالم و پلمپ,دوررنگ,۱۲ ماه,۲۶۵٬۰۰۰٬۰۰۰ تومان
۱۳۹۰,سفید,۲۶۶٬۰۰۰,سالم,سالم و پلمپ,سالم و بی‌خط و خش,۸ ماه,۲۸۷٬۰۰۰٬۰۰۰ تومان
۱۴۰۰,سفید,۳۱٬۰۰۰,سالم,سالم و پلمپ,خط و خش جزیی,۷ ماه,۳۸۰٬۰۰۰٬۰۰۰ تومان
۱۳۹۶,سفید,۱۳۵٬۰۰۰,سالم,سالم و پلمپ,رنگ‌شدگی,۶ ماه,۳۱۰٬۰۰۰٬۰۰۰ تومان
۱۳۹۸,مشکی,۶۰٬۰۰۰,سالم,ضربه‌خورده,سالم و بی‌خط و خش,۷ ماه,۳۶۵٬۰۰۰٬۰۰۰ تومان
۱۳۸۳,نقره‌ای,۳۴۰٬۰۰۰,سالم,سالم و پلمپ,خط و خش جزیی,۵ ماه,۱۸۰٬۰۰۰٬۰۰۰ تومان
۱۳۹۶,سفید,۱۳۵٬۰۰۰,سالم,سالم و پلمپ,رنگ‌شدگی,۷ ماه,۳۲۵٬۰۰۰٬۰۰۰ تومان
۱۳۸۵,خاکستری,۱۲۰٬۰۰۰,سالم,سالم و پلمپ,سالم و بی‌خط و خش,۷ ماه,۲۹۵٬۰۰۰٬۰۰۰ تومان
۱۳۸۲,عنابی,۳۰۰٬۰۰۰,سالم,سالم و پلمپ,دوررنگ,۷ ماه,۱۹۰٬۰۰۰٬۰۰۰ تومان
۱۳۸۵,نقره‌ای,۲۳۵٬۰۰۰,سالم,سالم و پلمپ,رنگ‌شدگی,۱ ماه,۱۹۸٬۰۰۰٬۰۰۰ تومان
۱۳۸۶,خاکستری,۲۴۹٬۰۰۰,سالم,سالم و پلمپ,رنگ‌شدگی,۴ ماه,۲۰۵٬۰۰۰٬۰۰۰ تومان
۱۳۸۷,سفید,۱۷۰٬۰۰۰,سالم,سالم و پلمپ,دوررنگ,۹ ماه,۲۲۰٬۰۰۰٬۰۰۰ تومان
۱۳۹۶,سفید,۸۰٬۰۰۰,سالم,سالم و پلمپ,خط و خش جزیی,۷ ماه,۳۸۰٬۰۰۰٬۰۰۰ تومان
۱۳۹۸,سفید,۶۴٬۰۰۰,سالم,سالم و پلمپ,سالم و بی‌خط و خش,۷ ماه,۴۰۰٬۰۰۰٬۰۰۰ تومان
۱۳۸۳,خاکستری,۳۷۴٬۰۰۰,سالم,سالم و پلمپ,سالم و بی‌خط و خش,,۲۲۵٬۰۰۰٬۰۰۰ تومان
۱۳۹۸,سفید,۴۰٬۰۰۰,سالم,سالم و پلمپ,سالم و بی‌خط و خش,۶ ماه,۴۰۵٬۰۰۰٬۰۰۰ تومان
۱۳۹۵,سفید صدفی,۱۱۸٬۰۰۰,سالم,سالم و پلمپ,خط و خش جزیی,۳ ماه,۳۴۰٬۰۰۰٬۰۰۰ تومان
۱۳۹۹,سفید,۷۰٬۰۰۰,سالم,سالم و پلمپ,صافکاری بی‌رنگ,۱ ماه,۳۹۵٬۰۰۰٬۰۰۰ تومان
۱۳۹۷,سفید,۱۰۰٬۰۰۰,سالم,ضربه‌خورده,سالم و بی‌خط و خش,۶ ماه,۳۶۲٬۰۰۰٬۰۰۰ تومان
۱۳۸۲,نقره‌ای,۱٬۱۱۱,سالم,سالم و پلمپ,دوررنگ,۶ ماه,۲۰۵٬۰۰۰٬۰۰۰ تومان
۱۳۹۸,سفید,۱۲۰٬۰۰۰,سالم,سالم و پلمپ,سالم و بی‌خط و خش,۷ ماه,۳۸۲٬۰۰۰٬۰۰۰ تومان
۱۳۹۸,سفید,۷۰٬۰۰۰,سالم,سالم و پلمپ,سالم و بی‌خط و خش,۵ ماه,۴۰۵٬۰۰۰٬۰۰۰ تومان
۱۳۸۸,سفید,۲۴۱٬۱۱۱,سالم,سالم و پلمپ,تمام‌رنگ,۲ ماه,۲۱۸٬۰۰۰٬۰۰۰ تومان
۱۳۹۰,سفید,۱۸۰٬۰۰۰,سالم,سالم و پلمپ,رنگ‌شدگی,۴ ماه,۲۷۵٬۰۰۰٬۰۰۰ تومان
۱۳۹۴,سفید,۱۱۰٬۰۰۰,سالم,سالم و پلمپ,خط و خش جزیی,,۱۱۱٬۱۱۱٬۱۱۱ تومان
۱۳۹۷,سفید,۷۷٬۰۰۰,سالم,سالم و پلمپ,سالم و بی‌خط و خش,۵ ماه,۳۷۶٬۰۰۰٬۰۰۰ تومان
۱۴۰۰,نقره‌ای,۳۶٬۰۰۰,سالم,سالم و پلمپ,صافکاری بی‌رنگ,۶ ماه,۴۳۰٬۰۰۰٬۰۰۰ تومان
۱۳۹۴,سفید,۶۰٬۰۰۰,سالم,سالم و پلمپ,سالم و بی‌خط و خش,۱۱ ماه,۳۷۵٬۰۰۰٬۰۰۰ تومان
۱۳۹۴,سفید,۱۶۶٬۰۰۰,تعویض شده,سالم و پلمپ,رنگ‌شدگی,۲ ماه,۳۰۷٬۰۰۰٬۰۰۰ تومان
۱۳۹۸,سفید,۳۶٬۰۰۰,سالم,سالم و پلمپ,سالم و بی‌خط و خش,۶ ماه,۳۸۵٬۰۰۰٬۰۰۰ تومان
۱۳۹۹,مشکی,۲۷٬۰۰۰,سالم,سالم و پلمپ,صافکاری بی‌رنگ,۹ ماه,۴۲۰٬۰۰۰٬۰۰۰ تومان
۱۳۹۴,سفید,۱۶۹٬۰۰۰,سالم,سالم و پلمپ,خط و خش جزیی,۵ ماه,۳۴۶٬۰۰۰٬۰۰۰ تومان
۱۳۸۹,مشکی,۲۶۰٬۰۰۰,سالم,سالم و پلمپ,رنگ‌شدگی,۱۱ ماه,۲۷۰٬۰۰۰٬۰۰۰ تومان
۱۳۸۴,نقره‌ای,۳۴۵٬۴۸۶,سالم,سالم و پلمپ,دوررنگ,۵ ماه,۲۲۰٬۰۰۰٬۰۰۰ تومان
۱۴۰۱,سفید,۲۲٬۰۰۰,,,سالم و بی‌خط و خش,۶ ماه,۴۸۰٬۰۰۰٬۰۰۰ تومان
۱۳۹۹,خاکستری,۴۰٬۰۰۰,سالم,سالم و پلمپ,سالم و بی‌خط و خش,۷ ماه,۴۱۰٬۰۰۰٬۰۰۰ تومان
۱۴۰۰,آبی,۷۵٬۰۰۰,سالم,سالم و پلمپ,سالم و بی‌خط و خش,۱۲ ماه,۴۳۰٬۰۰۰٬۰۰۰ تومان
۱۳۹۹,سفید صدفی,۱۱٬۰۰۰,سالم,سالم و پلمپ,سالم و بی‌خط و خش,۶ ماه,۴۴۰٬۰۰۰٬۰۰۰ تومان
۱۳۹۶,نوک‌مدادی,۶۵٬۰۰۰,سالم,سالم و پلمپ,خط و خش جزیی,۵ ماه,۳۷۵٬۰۰۰٬۰۰۰ تومان
۱۳۹۵,سفید,۱۸۱٬۴۱۰,سالم,سالم و پلمپ,رنگ‌شدگی,۳ ماه,۳۱۰٬۰۰۰٬۰۰۰ تومان
۱۳۹۷,سفید,۱۰۰٬۰۰۰,سالم,سالم و پلمپ,خط و خش جزیی,۶ ماه,۳۸۲٬۰۰۰٬۰۰۰ تومان
۱۳۹۹,سفید,۱۷٬۰۰۰,سالم,سالم و پلمپ,رنگ‌شدگی، در ۱ ناحیه,۱۲ ماه,۳۹۰٬۰۰۰٬۰۰۰ تومان
۱۴۰۱,سفید,۰,سالم,سالم و پلمپ,سالم و بی‌خط و خش,,۴۸۹٬۰۰۰٬۰۰۰ تومان
۱۳۹۸,سفید,۸۵٬۰۰۰,سالم,سالم و پلمپ,سالم و بی‌خط و خش,۴ ماه,۴۰۰٬۰۰۰٬۰۰۰ تومان
۱۳۹۷,سفید,۱۰۰٬۰۰۰,سالم,سالم و پلمپ,خط و خش جزیی,۲ ماه,۴۰۰٬۰۰۰٬۰۰۰ تومان
۱۳۸۳,نقرآبی,۴۰۰٬۰۰۰,سالم,سالم و پلمپ,دوررنگ,۹ ماه,۱۹۰٬۰۰۰٬۰۰۰ تومان
۱۳۹۵,خاکستری,۱۴۰٬۰۰۰,سالم,سالم و پلمپ,سالم و بی‌خط و خش,,۳۶۵٬۰۰۰٬۰۰۰ تومان
۱۳۹۹,سفید صدفی,۴۳٬۰۰۰,سالم,سالم و پلمپ,خط و خش جزیی,۵ ماه,۴۲۰٬۰۰۰٬۰۰۰ تومان
۱۳۹۵,سفید,۱۲۰٬۰۰۰,سالم,سالم و پلمپ,سالم و بی‌خط و خش,۶ ماه,۳۸۰٬۰۰۰٬۰۰۰ تومان
۱۳۹۶,سفید,۵۸٬۰۰۰,سالم,سالم و پلمپ,سالم و بی‌خط و خش,۵ ماه,۳۷۰٬۰۰۰٬۰۰۰ تومان
۱۳۹۸,قرمز,۷۰٬۰۰۰,سالم,سالم و پلمپ,سالم و بی‌خط و خش,۴ ماه,۴۱۰٬۰۰۰٬۰۰۰ تومان
۱۳۸۸,نوک‌مدادی,۲۶۰٬۰۰۰,سالم,سالم و پلمپ,دوررنگ,۹ ماه,۲۵۵٬۰۰۰٬۰۰۰ تومان
۱۳۹۹,نوک‌مدادی,۴۰٬۰۰۰,سالم,سالم و پلمپ,رنگ‌شدگی,۶ ماه,۴۰۶٬۰۰۰٬۰۰۰ تومان
۱۳۹۸,سفید,۹۸٬۰۰۰,سالم,سالم و پلمپ,خط و خش جزیی,۹ ماه,۱۱٬۱۱۱٬۱۱۱ تومان
۱۴۰۰,سفید,۴۰٬۰۰۰,سالم,سالم و پلمپ,سالم و بی‌خط و خش,۲ ماه,۴۳۰٬۰۰۰٬۰۰۰ تومان
۱۴۰۱,سفید,۰,سالم,سالم و پلمپ,سالم و بی‌خط و خش,۱۲ ماه,۳۱۲٬۰۰۰٬۰۰۰ تومان
۱۴۰۱,خاکستری,۲٬۱۰۰,سالم,سالم و پلمپ,سالم و بی‌خط و خش,۱۰ ماه,۴۹۵٬۰۰۰٬۰۰۰ تومان
۱۳۹۹,سفید,۴۳٬۰۰۰,سالم,سالم و پلمپ,خط و خش جزیی,۶ ماه,۴۳۰٬۰۰۰٬۰۰۰ تومان
۱۳۹۹,سفید,۶۰٬۰۰۰,سالم,سالم و پلمپ,سالم و بی‌خط و خش,۶ ماه,۴۶۰٬۰۰۰٬۰۰۰ تومان
۱۳۸۹,سفید,۲۲۰٬۰۰۰,سالم,سالم و پلمپ,رنگ‌شدگی,۶ ماه,۲۶۲٬۰۰۰٬۰۰۰ تومان
۱۴۰۰,مشکی,۲۰٬۰۰۰,سالم,سالم و پلمپ,سالم و بی‌خط و خش,۱۱ ماه,۴۵۳٬۰۰۰٬۰۰۰ تومان
۱۳۸۱,سفید,۱۸۰٬۳۵۰,سالم,سالم و پلمپ,رنگ‌شدگی,۹ ماه,۲۲۰٬۰۰۰٬۰۰۰ تومان
۱۳۸۹,نوک‌مدادی,۲۳۰٬۰۰۰,سالم,سالم و پلمپ,رنگ‌شدگی,۱۲ ماه,۲۵۵٬۰۰۰٬۰۰۰ تومان
۱۳۹۹,سفید,۲۹٬۰۰۰,سالم,سالم و پلمپ,سالم و بی‌خط و خش,۶ ماه,۴۴۰٬۰۰۰٬۰۰۰ تومان
۱۳۹۹,سفید,۸۰٬۰۰۰,سالم,سالم و پلمپ,خط و خش جزیی,۶ ماه,۴۰۵٬۰۰۰٬۰۰۰ تومان
۱۳۹۹,سفید,۶۸٬۰۰۰,سالم,سالم و پلمپ,خط و خش جزیی,۱ ماه,۴۰۵٬۰۰۰٬۰۰۰ تومان
۱۴۰۰,سفید,۷٬۰۰۰,سالم,سالم و پلمپ,سالم و بی‌خط و خش,۴ ماه,۴۷۰٬۰۰۰٬۰۰۰ تومان
۱۴۰۱,خاکستری,۱۶٬۰۰۰,سالم,سالم و پلمپ,تصادفی,۴ ماه,۱۱۱٬۱۱۱٬۱۱۱ تومان
۱۴۰۱,سفید,۰,,,سالم و بی‌خط و خش,,۱۱٬۱۱۱٬۱۱۱ تومان
۱۴۰۱,سفید,۰,سالم,سالم و پلمپ,سالم و بی‌خط و خش,۱۲ ماه,۵۳۰٬۰۰۰٬۰۰۰ تومان
۱۳۹۷,سفید,۸۵٬۰۰۰,سالم,سالم و پلمپ,سالم و بی‌خط و خش,۶ ماه,۳۸۰٬۰۰۰٬۰۰۰ تومان
۱۳۹۷,سفید,۴۱٬۰۰۰,سالم,سالم و پلمپ,رنگ‌شدگی، در ۱ ناحیه,۸ ماه,۳۵۸٬۰۰۰٬۰۰۰ تومان
۱۳۸۷,خاکستری,۲۴۰٬۰۰۰,سالم,سالم و پلمپ,خط و خش جزیی,۹ ماه,۲۳۰٬۰۰۰٬۰۰۰ تومان
۱۳۸۸,سفید,۳۱۰٬۰۰۰,سالم,,رنگ‌شدگی,۱۱ ماه,۲۳۵٬۰۰۰٬۰۰۰ تومان
۱۳۸۴,نقره‌ای,۲۰۰٬۰۰۰,سالم,سالم و پلمپ,دوررنگ,۶ ماه,۱۹۹٬۰۰۰٬۰۰۰ تومان
۱۳۹۷,سفید,۵٬۲۰۰,سالم,سالم و پلمپ,سالم و بی‌خط و خش,۱۲ ماه,۴۱۰٬۰۰۰٬۰۰۰ تومان
۱۳۹۸,سفید,۱۱۸٬۰۰۰,سالم,سالم و پلمپ,رنگ‌شدگی,۳ ماه,۳۷۵٬۰۰۰٬۰۰۰ تومان
۱۳۹۰,سفید,۹۷٬۰۰۰,سالم,سالم و پلمپ,سالم و بی‌خط و خش,۷ ماه,۳۴۸٬۰۰۰٬۰۰۰ تومان
۱۳۹۹,سفید,۵۰٬۰۰۰,سالم,سالم و پلمپ,سالم و بی‌خط و خش,۶ ماه,۴۳۵٬۰۰۰٬۰۰۰ تومان
۱۴۰۱,سفید,۰,سالم,سالم و پلمپ,سالم و بی‌خط و خش,,توافقی
۱۳۹۶,نوک‌مدادی,۷۰٬۰۰۰,سالم,سالم و پلمپ,سالم و بی‌خط و خش,۱۲ ماه,۴۰۰٬۰۰۰٬۰۰۰ تومان
۱۳۸۵,بژ,۳۴۰٬۰۰۰,سالم,سالم و پلمپ,دوررنگ,۳ ماه,۲۱۹٬۰۰۰٬۰۰۰ تومان
۱۳۹۷,سفید,۴۷٬۰۰۰,سالم,سالم و پلمپ,خط و خش جزیی,۳ ماه,۳۸۵٬۰۰۰٬۰۰۰ تومان
۱۳۹۹,سفید,۲۳٬۰۰۰,سالم,سالم و پلمپ,سالم و بی‌خط و خش,۱۲ ماه,۴۵۰٬۰۰۰٬۰۰۰ تومان
۱۳۹۸,سفید,۴۵٬۰۰۰,سالم,,تصادفی,۳ ماه,۲۳۰٬۰۰۰٬۰۰۰ تومان
۱۳۸۴,خاکستری,۲۵۰٬۰۰۰,سالم,سالم و پلمپ,رنگ‌شدگی,۵ ماه,۲۱۵٬۰۰۰٬۰۰۰ تومان
۱۳۹۸,سفید,۵۱٬۰۰۰,سالم,سالم و پلمپ,سالم و بی‌خط و خش,۱۱ ماه,۴۰۵٬۰۰۰٬۰۰۰ تومان
۱۳۹۷,سفید,۷۵٬۰۰۰,سالم,سالم و پلمپ,خط و خش جزیی,۸ ماه,۳۷۵٬۰۰۰٬۰۰۰ تومان
۱۳۹۹,سفید,۲۰٬۵۰۰,سالم,سالم و پلمپ,سالم و بی‌خط و خش,۳ ماه,۴۴۰٬۰۰۰٬۰۰۰ تومان
,,,,,,,
۱۳۸۹,قهوه‌ای,۱۱۶٬۰۰۰,سالم,سالم و پلمپ,خط و خش جزیی,۷ ماه,۳۰۰٬۰۰۰٬۰۰۰ تومان
۱۳۸۴,نقره‌ای,۲۵۰٬۰۰۰,سالم,سالم و پلمپ,خط و خش جزیی,۵ ماه,۲۲۶٬۰۰۰٬۰۰۰ تومان
۱۳۸۶,سفید,۳۰۰٬۰۰۰,سالم,سالم و پلمپ,دوررنگ,۱۱ ماه,۲۲۵٬۰۰۰٬۰۰۰ تومان
۱۴۰۰,نوک‌مدادی,۳۲٬۰۰۰,سالم,سالم و پلمپ,سالم و بی‌خط و خش,۹ ماه,۴۲۷٬۰۰۰٬۰۰۰ تومان
۱۳۹۶,سفید,۱۰۰٬۰۰۰,سالم,سالم و پلمپ,رنگ‌شدگی,۵ ماه,۳۲۴٬۵۰۰٬۰۰۰ تومان
۱۳۸۷,خاکستری,۲۵۰٬۰۰۰,سالم,سالم و پلمپ,رنگ‌شدگی,۱۰ ماه,۲۱۰٬۰۰۰٬۰۰۰ تومان
۱۳۸۸,خاکستری,۱۹۳٬۰۰۰,سالم,سالم و پلمپ,خط و خش جزیی,۱۱ ماه,۲۷۵٬۰۰۰٬۰۰۰ تومان
۱۳۸۴,خاکستری,۳۰۰٬۰۰۰,سالم,سالم و پلمپ,رنگ‌شدگی,۴ ماه,۲۰۰٬۰۰۰٬۰۰۰ تومان
۱۳۹۷,خاکستری,۹۰٬۰۰۰,سالم,سالم و پلمپ,خط و خش جزیی,۳ ماه,۳۶۰٬۰۰۰٬۰۰۰ تومان
۱۳۹۵,سفید,۱۰۲٬۰۰۰,سالم,سالم و پلمپ,سالم و بی‌خط و خش,۶ ماه,۳۴۵٬۰۰۰٬۰۰۰ تومان
۱۳۸۸,خاکستری,۳۸۰٬۰۰۰,سالم,سالم و پلمپ,رنگ‌شدگی,۱ ماه,۲۵۵٬۰۰۰٬۰۰۰ تومان
۱۳۹۹,مشکی,۷۷٬۰۰۰,سالم,سالم و پلمپ,سالم و بی‌خط و خش,,۳۹۲٬۰۰۰٬۰۰۰ تومان
۱۳۸۴,نقرآبی,۲۳۳٬۰۰۰,سالم,سالم و پلمپ,دوررنگ,۱۱ ماه,۲۱۵٬۰۰۰٬۰۰۰ تومان
۱۴۰۰,نقره‌ای,۴٬۲۵۲,سالم,سالم و پلمپ,سالم و بی‌خط و خش,,۴۷۰٬۰۰۰٬۰۰۰ تومان
۱۳۹۹,سفید,۳۴٬۰۰۰,سالم,سالم و پلمپ,سالم و بی‌خط و خش,۱۲ ماه,۴۱۰٬۰۰۰٬۰۰۰ تومان
۱۳۸۹,سفید,۲۷۸٬۰۰۰,سالم,سالم و پلمپ,سالم و بی‌خط و خش,۲ ماه,۲۸۰٬۰۰۰٬۰۰۰ تومان
۱۳۸۳,یشمی,۱۵۵٬۰۰۰,سالم,سالم و پلمپ,رنگ‌شدگی,۹ ماه,۲۴۸٬۰۰۰٬۰۰۰ تومان
۱۳۹۵,سفید,۶۵٬۰۰۰,سالم,سالم و پلمپ,سالم و بی‌خط و خش,۸ ماه,۳۳۹٬۰۰۰٬۰۰۰ تومان
۱۳۹۸,خاکستری,۲۶٬۳۰۰,سالم,سالم و پلمپ,خط و خش جزیی,۱ ماه,۴۱۰٬۰۰۰٬۰۰۰ تومان
۱۳۸۳,نقره‌ای,۳۲۸٬۰۰۰,سالم,سالم و پلمپ,خط و خش جزیی,۵ ماه,۱۷۵٬۰۰۰٬۰۰۰ تومان
۱۳۹۷,سفید,۷۵٬۰۰۰,سالم,سالم و پلمپ,سالم و بی‌خط و خش,,۳۷۰٬۰۰۰٬۰۰۰ تومان
۱۴۰۰,سفید,۳۱٬۰۰۰,سالم,سالم و پلمپ,سالم و بی‌خط و خش,۴ ماه,۴۳۰٬۰۰۰٬۰۰۰ تومان
۱۳۹۹,مشکی,۲۷٬۰۰۰,سالم,سالم و پلمپ,سالم و بی‌خط و خش,۹ ماه,۴۱۰٬۰۰۰٬۰۰۰ تومان
۱۳۹۸,سفید,۴۰٬۰۰۰,سالم,سالم و پلمپ,تصادفی,۱۰ ماه,۲۲۵٬۰۰۰٬۰۰۰ تومان
۱۳۹۷,خاکستری,۲۴٬۰۰۰,سالم,سالم و پلمپ,سالم و بی‌خط و خش,۷ ماه,۳۷۰٬۰۰۰٬۰۰۰ تومان
۱۳۹۷,سفید,۴۵٬۰۰۰,سالم,سالم و پلمپ,سالم و بی‌خط و خش,۱۲ ماه,۳۹۰٬۰۰۰٬۰۰۰ تومان
,,,,,,,
۱۳۸۳,نوک‌مدادی,۲۶۰٬۰۰۰,سالم,سالم و پلمپ,دوررنگ,۵ ماه,۲۱۰٬۰۰۰٬۰۰۰ تومان
۱۳۸۶,نقره‌ای,۲۴۰٬۰۰۰,تعویض شده,سالم و پلمپ,خط و خش جزیی,۷ ماه,۲۱۹٬۰۰۰٬۰۰۰ تومان
۱۳۸۲,آلبالویی,۱۸۲٬۰۰۰,سالم,سالم و پلمپ,صافکاری بی‌رنگ,۶ ماه,۲۹۰٬۰۰۰٬۰۰۰ تومان
۱۴۰۱,سفید,۷٬۵۰۰,سالم,سالم و پلمپ,سالم و بی‌خط و خش,۶ ماه,۴۷۹٬۰۰۰٬۰۰۰ تومان
۱۳۹۹,سفید,۲۷٬۰۰۰,,,سالم و بی‌خط و خش,۹ ماه,۴۴۰٬۰۰۰٬۰۰۰ تومان
۱۴۰۱,مشکی,۰,سالم,سالم و پلمپ,سالم و بی‌خط و خش,۸ ماه,۱۱۱٬۱۱۱٬۱۱۱ تومان
۱۳۹۸,سفید,۶۷٬۰۰۰,سالم,سالم و پلمپ,رنگ‌شدگی، در ۲ ناحیه,۲ ماه,۳۸۰٬۰۰۰٬۰۰۰ تومان
۱۳۹۶,سفید,۱۴۵٬۰۰۰,سالم,سالم و پلمپ,سالم و بی‌خط و خش,۴ ماه,۳۵۸٬۰۰۰٬۰۰۰ تومان
۱۳۸۸,خاکستری,۲۰۰٬۰۰۰,سالم,سالم و پلمپ,خط و خش جزیی,۳ ماه,۲۹۰٬۰۰۰٬۰۰۰ تومان
۱۳۸۸,نقره‌ای,۱۷۶٬۰۰۰,سالم,سالم و پلمپ,رنگ‌شدگی,۶ ماه,۲۵۰٬۰۰۰٬۰۰۰ تومان
۱۳۸۵,خاکستری,۴۱۰٬۰۰۰,سالم,سالم و پلمپ,صافکاری بی‌رنگ,۱ ماه,۲۱۰٬۰۰۰٬۰۰۰ تومان
۱۳۸۴,نقره‌ای,۳۲۰٬۰۰۰,سالم,سالم و پلمپ,سالم و بی‌خط و خش,۱۲ ماه,۲۳۰٬۰۰۰٬۰۰۰ تومان
۱۳۸۸,سفید صدفی,۹۷٬۰۰۰,سالم,سالم و پلمپ,سالم و بی‌خط و خش,۱۰ ماه,۳۱۵٬۰۰۰٬۰۰۰ تومان
۱۳۹۴,سفید,۱۶۰٬۰۰۰,سالم,سالم و پلمپ,خط و خش جزیی,۱۰ ماه,۳۴۵٬۰۰۰٬۰۰۰ تومان
۱۳۹۶,سفید,۴۹٬۰۰۰,سالم,سالم و پلمپ,سالم و بی‌خط و خش,۶ ماه,۳۹۰٬۰۰۰٬۰۰۰ تومان
,,,,,,,
۱۳۹۰,نوک‌مدادی,۲۸۰٬۰۰۰,سالم,سالم و پلمپ,دوررنگ,۶ ماه,۲۴۵٬۰۰۰٬۰۰۰ تومان
۱۳۹۶,سفید,۱۲۰٬۰۰۰,سالم,,سالم و بی‌خط و خش,۹ ماه,۳۳۵٬۰۰۰٬۰۰۰ تومان
۱۳۸۳,نقره‌ای,۲۳۰٬۰۰۰,سالم,سالم و پلمپ,خط و خش جزیی,۶ ماه,۱۹۸٬۰۰۰٬۰۰۰ تومان
۱۳۹۵,سفید,۷۷٬۰۰۰,سالم,سالم و پلمپ,سالم و بی‌خط و خش,۲ ماه,۳۷۰٬۰۰۰٬۰۰۰ تومان
۱۳۹۶,سفید,۱۴۰٬۰۰۰,سالم,سالم و پلمپ,خط و خش جزیی,۹ ماه,۳۳۴٬۰۰۰٬۰۰۰ تومان
۱۳۹۸,سفید,۴۶٬۰۰۰,سالم,سالم و پلمپ,سالم و بی‌خط و خش,۷ ماه,۴۱۰٬۰۰۰٬۰۰۰ تومان
,,,,,,,
,,,,,,,
۱۳۸۹,خاکستری,۲۳۶٬۰۰۰,سالم,سالم و پلمپ,صافکاری بی‌رنگ,۹ ماه,۲۸۰٬۰۰۰٬۰۰۰ تومان
۱۳۸۴,نوک‌مدادی,۳۸۸٬۰۰۰,سالم,سالم و پلمپ,تمام‌رنگ,۹ ماه,۱۶۰٬۰۰۰٬۰۰۰ تومان
۱۳۹۷,مشکی,۱۳۷٬۰۰۰,سالم,سالم و پلمپ,خط و خش جزیی,۱ ماه,۳۶۰٬۰۰۰٬۰۰۰ تومان
۱۳۸۹,سفید,۱۹۸٬۰۰۰,سالم,سالم و پلمپ,دوررنگ,۸ ماه,۲۵۵٬۰۰۰٬۰۰۰ تومان
۱۳۹۹,سفید,۴۸٬۰۰۰,سالم,سالم و پلمپ,سالم و بی‌خط و خش,۱۰ ماه,۴۰۰٬۰۰۰٬۰۰۰ تومان
۱۳۸۳,خاکستری,۲۶۰٬۰۰۰,سالم,سالم و پلمپ,خط و خش جزیی,۳ ماه,۲۶۰٬۰۰۰٬۰۰۰ تومان
۱۳۸۹,نقره‌ای,۲۲۲٬۰۰۰,سالم,سالم و پلمپ,سالم و بی‌خط و خش,۹ ماه,۲۶۲٬۰۰۰٬۰۰۰ تومان
۱۳۹۶,خاکستری,۱۰۶٬۰۰۰,سالم,سالم و پلمپ,رنگ‌شدگی، در ۲ ناحیه,۹ ماه,۳۳۰٬۰۰۰٬۰۰۰ تومان
,,,,,,,
۱۳۹۵,سفید,۱۹۰٬۰۰۰,سالم,سالم و پلمپ,خط و خش جزیی,۷ ماه,۳۶۰٬۰۰۰٬۰۰۰ تومان
۱۳۹۰,سفید,۱۳۷٬۰۰۰,سالم,سالم و پلمپ,رنگ‌شدگی,۱ ماه,۲۷۰٬۰۰۰٬۰۰۰ تومان
۱۳۹۹,مشکی,۶۰٬۰۰۰,سالم,سالم و پلمپ,سالم و بی‌خط و خش,۱۰ ماه,۴۱۵٬۰۰۰٬۰۰۰ تومان
۱۳۹۴,سفید,۲۳۵٬۰۰۰,سالم,سالم و پلمپ,رنگ‌شدگی,۸ ماه,۳۱۰٬۰۰۰٬۰۰۰ تومان
۱۳۹۹,سفید,۵۰٬۰۰۰,سالم,سالم و پلمپ,سالم و بی‌خط و خش,۶ ماه,۴۱۵٬۰۰۰٬۰۰۰ تومان
۱۳۸۳,نقره‌ای,۳۱۲٬۰۰۰,سالم,سالم و پلمپ,دوررنگ,۷ ماه,۱۹۸٬۰۰۰٬۰۰۰ تومان
۱۳۹۱,سفید,۲۳٬۰۰۰,سالم,سالم و پلمپ,رنگ‌شدگی,۸ ماه,۲۷۰٬۰۰۰٬۰۰۰ تومان
۱۳۹۴,سفید,۱۲۵٬۰۰۰,سالم,سالم و پلمپ,صافکاری بی‌رنگ,۳ ماه,۳۵۰٬۰۰۰٬۰۰۰ تومان
۱۳۸۶,نقره‌ای,۱۴۹٬۰۰۰,سالم,سالم و پلمپ,صافکاری بی‌رنگ,,۲۳۵٬۰۰۰٬۰۰۰ تومان
۱۳۸۸,سفید,۱۷۴٬۰۰۰,سالم,سالم و پلمپ,رنگ‌شدگی,۹ ماه,۲۱۰٬۰۰۰٬۰۰۰ تومان
۱۳۸۸,نقره‌ای,۱۳۸٬۰۰۰,سالم,سالم و پلمپ,خط و خش جزیی,۳ ماه,۲۳۵٬۰۰۰٬۰۰۰ تومان
۱۳۸۹,خاکستری,۱۹۰٬۰۰۰,سالم,سالم و پلمپ,رنگ‌شدگی,۸ ماه,۲۳۰٬۰۰۰٬۰۰۰ تومان
۱۳۹۶,سفید,۹۷٬۰۰۰,سالم,سالم و پلمپ,خط و خش جزیی,۹ ماه,۳۵۹٬۰۰۰٬۰۰۰ تومان
۱۳۹۰,مشکی,۲۶۶٬۰۰۰,سالم,سالم و پلمپ,رنگ‌شدگی، در ۱ ناحیه,۹ ماه,۲۸۵٬۰۰۰٬۰۰۰ تومان
۱۳۹۶,سفید,۱۵۰٬۰۰۰,سالم,سالم و پلمپ,رنگ‌شدگی,۶ ماه,۳۸۰٬۰۰۰٬۰۰۰ تومان
۱۳۹۰,سفید,۱۳۲٬۰۰۰,سالم,سالم و پلمپ,سالم و بی‌خط و خش,۱ ماه,۳۱۵٬۰۰۰٬۰۰۰ تومان
۱۳۸۴,نقره‌ای,۳۵۰٬۰۰۰,سالم,سالم و پلمپ,رنگ‌شدگی,۹ ماه,۲۰۰٬۰۰۰٬۰۰۰ تومان
۱۴۰۰,سفید,۲۴٬۰۰۰,سالم,سالم و پلمپ,خط و خش جزیی,۱۰ ماه,۴۴۸٬۰۰۰٬۰۰۰ تومان
۱۳۸۳,نقره‌ای,۳۸۰٬۰۰۰,سالم,ضربه‌خورده,دوررنگ,۴ ماه,۲۱۵٬۰۰۰٬۰۰۰ تومان
۱۳۹۸,سفید,۲۱٬۰۰۰,سالم,سالم و پلمپ,خط و خش جزیی,۶ ماه,۴۵۰٬۰۰۰٬۰۰۰ تومان
۱۳۸۳,مشکی,۲۶۰٬۰۰۰,سالم,سالم و پلمپ,رنگ‌شدگی,۷ ماه,۲۰۵٬۰۰۰٬۰۰۰ تومان
۱۴۰۰,قرمز,۴۸٬۰۰۰,سالم,سالم و پلمپ,سالم و بی‌خط و خش,۱۰ ماه,۴۰۵٬۰۰۰٬۰۰۰ تومان
۱۳۹۶,خاکستری,۱۱۰٬۰۰۰,سالم,سالم و پلمپ,سالم و بی‌خط و خش,۷ ماه,۳۷۷٬۰۰۰٬۰۰۰ تومان
,,,,,,,
۱۳۸۶,نقره‌ای,۱۶۰٬۰۰۰,سالم,,خط و خش جزیی,۱۰ ماه,۲۸۰٬۰۰۰٬۰۰۰ تومان
۱۳۸۸,سفید,۲۰۰٬۰۰۰,سالم,سالم و پلمپ,سالم و بی‌خط و خش,۶ ماه,۲۹۰٬۰۰۰٬۰۰۰ تومان
۱۳۹۱,سفید,۲۰۹٬۵۰۰,سالم,سالم و پلمپ,رنگ‌شدگی,۴ ماه,۲۸۹٬۰۰۰٬۰۰۰ تومان
۱۳۸۹,آبی,۱۷۸٬۰۰۰,سالم,سالم و پلمپ,رنگ‌شدگی,۳ ماه,۲۷۵٬۰۰۰٬۰۰۰ تومان
۱۳۹۸,سفید,۶۰٬۰۰۰,سالم,سالم و پلمپ,سالم و بی‌خط و خش,۲ ماه,۴۱۵٬۰۰۰٬۰۰۰ تومان
۱۳۸۸,قهوه‌ای,۱۲۰٬۰۰۰,سالم,سالم و پلمپ,سالم و بی‌خط و خش,۴ ماه,۲۹۸٬۰۰۰٬۰۰۰ تومان
۱۳۸۴,خاکستری,۳۱۲٬۰۰۰,سالم,سالم و پلمپ,تمام‌رنگ,۱ ماه,۱۷۰٬۰۰۰٬۰۰۰ تومان
۱۳۸۷,خاکستری,۲۳۵٬۰۰۰,سالم,سالم و پلمپ,رنگ‌شدگی,۱۲ ماه,۲۴۵٬۰۰۰٬۰۰۰ تومان
۱۴۰۰,سفید,۲۰٬۰۰۰,سالم,سالم و پلمپ,سالم و بی‌خط و خش,۹ ماه,۴۴۵٬۰۰۰٬۰۰۰ تومان
۱۳۸۷,سفید,۳۵۰٬۰۰۰,سالم,سالم و پلمپ,رنگ‌شدگی,۳ ماه,۲۵۰٬۰۰۰٬۰۰۰ تومان
۱۴۰۰,سفید,۲۲٬۰۰۰,سالم,سالم و پلمپ,سالم و بی‌خط و خش,۳ ماه,۴۵۰٬۰۰۰٬۰۰۰ تومان
۱۳۸۸,سفید,۲۴۴٬۰۰۰,سالم,سالم و پلمپ,خط و خش جزیی,,۳۱۰٬۰۰۰٬۰۰۰ تومان
۱۳۹۸,سفید,۶۱٬۰۰۰,سالم,سالم و پلمپ,رنگ‌شدگی,۸ ماه,۳۶۰٬۰۰۰٬۰۰۰ تومان
۱۴۰۱,سفید,۱۸٬۰۰۰,سالم,سالم و پلمپ,سالم و بی‌خط و خش,۱۰ ماه,۴۷۰٬۰۰۰٬۰۰۰ تومان
۱۳۸۳,نقره‌ای,۲۴۰٬۰۰۰,سالم,سالم و پلمپ,رنگ‌شدگی,۳ ماه,۱۸۵٬۰۰۰٬۰۰۰ تومان
۱۳۸۹,آلبالویی,۲۳۰٬۰۰۰,سالم,سالم و پلمپ,خط و خش جزیی,۸ ماه,۲۴۰٬۰۰۰٬۰۰۰ تومان
۱۳۹۱,سفید,۱۸۵٬۰۰۰,سالم,سالم و پلمپ,سالم و بی‌خط و خش,۶ ماه,۲۸۳٬۰۰۰٬۰۰۰ تومان
۱۳۸۱,مشکی,۲۴۵٬۰۰۰,سالم,سالم و پلمپ,رنگ‌شدگی,۱۲ ماه,۱۸۳٬۰۰۰٬۰۰۰ تومان
۱۳۸۲,بژ,۳۴۶٬۰۰۰,سالم,سالم و پلمپ,رنگ‌شدگی,۶ ماه,۱۵۵٬۰۰۰٬۰۰۰ تومان
۱۳۹۷,سفید,۹۰٬۰۰۰,سالم,سالم و پلمپ,سالم و بی‌خط و خش,۸ ماه,۳۸۰٬۰۰۰٬۰۰۰ تومان
۱۳۸۵,نوک‌مدادی,۲۵۰٬۰۰۰,سالم,سالم و پلمپ,سالم و بی‌خط و خش,۶ ماه,۲۴۵٬۰۰۰٬۰۰۰ تومان
۱۳۸۱,سفید صدفی,۵۶٬۷۸۲,نیاز به تعمیر,سالم و پلمپ,سالم و بی‌خط و خش,۷ ماه,۱۶۰٬۰۰۰٬۰۰۰ تومان
۱۳۸۲,نقره‌ای,۳۲۰٬۰۰۰,سالم,سالم و پلمپ,رنگ‌شدگی,۶ ماه,۲۰۵٬۰۰۰٬۰۰۰ تومان
۱۳۸۳,نقره‌ای,۳۰۰٬۰۰۰,سالم,,دوررنگ,۶ ماه,۱۶۰٬۰۰۰٬۰۰۰ تومان
۱۳۸۹,خاکستری,۳۰۰٬۰۰۰,سالم,سالم و پلمپ,سالم و بی‌خط و خش,۳ ماه,۲۸۵٬۰۰۰٬۰۰۰ تومان
۱۴۰۰,سفید,۱۷٬۰۰۰,سالم,سالم و پلمپ,خط و خش جزیی,۱ ماه,۴۴۵٬۰۰۰٬۰۰۰ تومان
۱۴۰۰,قرمز,۳۷٬۰۰۰,سالم,سالم و پلمپ,رنگ‌شدگی,۱۱ ماه,۴۲۵٬۰۰۰٬۰۰۰ تومان
۱۴۰۰,سفید,۲۲٬۰۰۰,سالم,سالم و پلمپ,سالم و بی‌خط و خش,۶ ماه,۴۵۵٬۰۰۰٬۰۰۰ تومان
۱۳۸۸,خاکستری,۱۴۰٬۰۰۰,سالم,,خط و خش جزیی,,۳۱۰٬۰۰۰٬۰۰۰ تومان
۱۳۹۸,سفید,۵۶٬۰۰۰,سالم,سالم و پلمپ,سالم و بی‌خط و خش,۳ ماه,۳۹۰٬۰۰۰٬۰۰۰ تومان
۱۳۸۶,سفید,۲۲۰٬۰۰۰,سالم,سالم و پلمپ,رنگ‌شدگی,۷ ماه,۲۲۵٬۰۰۰٬۰۰۰ تومان
۱۴۰۰,سفید,۱۷٬۰۰۰,سالم,سالم و پلمپ,سالم و بی‌خط و خش,۶ ماه,۴۳۹٬۰۰۰٬۰۰۰ تومان
۱۴۰۱,سفید,۱۷٬۵۰۰,سالم,سالم و پلمپ,سالم و بی‌خط و خش,۴ ماه,۴۶۵٬۰۰۰٬۰۰۰ تومان
۱۳۸۳,خاکستری,۱۹۰٬۰۰۰,سالم,سالم و پلمپ,خط و خش جزیی,۷ ماه,۲۳۰٬۰۰۰٬۰۰۰ تومان
۱۳۹۸,سفید,۱۱۰٬۰۰۰,سالم,سالم و پلمپ,رنگ‌شدگی,۸ ماه,۳۴۵٬۰۰۰٬۰۰۰ تومان
۱۳۸۳,خاکستری,۲۲۲٬۲۱۰,سالم,سالم و پلمپ,دوررنگ,۲ ماه,۱۱۱٬۱۱۱٬۱۱۲ تومان
۱۴۰۱,سفید,۰,,سالم و پلمپ,سالم و بی‌خط و خش,۷ ماه,۵۰۰٬۰۰۰٬۰۰۰ تومان
۱۳۸۴,نقره‌ای,۲۸۴٬۰۰۰,سالم,سالم و پلمپ,خط و خش جزیی,۵ ماه,۱۵۵٬۰۰۰٬۰۰۰ تومان
۱۳۹۱,سفید,۱۴۹٬۰۰۰,سالم,سالم و پلمپ,رنگ‌شدگی,۱۰ ماه,۲۸۵٬۰۰۰٬۰۰۰ تومان
۱۳۸۴,خاکستری,۳۶۰٬۰۰۰,سالم,سالم و پلمپ,سالم و بی‌خط و خش,۵ ماه,۲۲۸٬۰۰۰٬۰۰۰ تومان
۱۳۸۳,بژ,۱۸۷٬۰۰۰,سالم,سالم و پلمپ,خط و خش جزیی,۲ ماه,۲۳۵٬۰۰۰٬۰۰۰ تومان
۱۳۹۸,سفید,۷۶٬۰۰۰,سالم,سالم و پلمپ,خط و خش جزیی,۷ ماه,۴۰۵٬۰۰۰٬۰۰۰ تومان
۱۳۹۵,آبی,۵۱٬۰۰۰,سالم,سالم و پلمپ,سالم و بی‌خط و خش,۱۲ ماه,۳۷۰٬۰۰۰٬۰۰۰ تومان
۱۴۰۱,سفید صدفی,۰,سالم,سالم و پلمپ,سالم و بی‌خط و خش,۱۲ ماه,۱۱۱٬۱۱۱٬۱۱۱ تومان
۱۳۸۷,نقره‌ای,۳۱۲٬۰۰۰,سالم,سالم و پلمپ,سالم و بی‌خط و خش,۱۱ ماه,۱۱٬۱۱۱٬۱۱۱٬۱۱۱ تومان
۱۳۹۴,مشکی,۸۸٬۰۰۰,سالم,سالم و پلمپ,سالم و بی‌خط و خش,۱۲ ماه,۳۴۸٬۰۰۰٬۰۰۰ تومان
۱۳۹۷,خاکستری,۱۱۰٬۰۰۰,سالم,سالم و پلمپ,خط و خش جزیی,۶ ماه,۳۸۵٬۰۰۰٬۰۰۰ تومان
۱۳۹۵,سفید,۹۲٬۵۰۰,سالم,سالم و پلمپ,رنگ‌شدگی، در ۱ ناحیه,۱۰ ماه,۳۴۹٬۰۰۰٬۰۰۰ تومان
۱۳۹۹,سفید,۵۴٬۰۰۰,سالم,سالم و پلمپ,رنگ‌شدگی,۸ ماه,۳۸۵٬۰۰۰٬۰۰۰ تومان
۱۳۸۹,سفید,۲۲۰٬۰۰۰,سالم,ضربه‌خورده,رنگ‌شدگی,۵ ماه,۲۵۵٬۰۰۰٬۰۰۰ تومان
۱۳۸۸,سفید,۲۶۴٬۰۰۰,سالم,سالم و پلمپ,خط و خش جزیی,۱۲ ماه,۲۴۵٬۰۰۰٬۰۰۰ تومان
۱۳۹۸,نوک‌مدادی,۳۱٬۰۰۰,سالم,سالم و پلمپ,سالم و بی‌خط و خش,۸ ماه,۴۲۶٬۰۰۰٬۰۰۰ تومان
۱۳۹۵,خاکستری,۲۴۳٬۰۰۰,سالم,سالم و پلمپ,صافکاری بی‌رنگ,۲ ماه,۳۳۰٬۰۰۰٬۰۰۰ تومان
۱۳۸۸,سفید,۱۸۶٬۰۰۰,سالم,سالم و پلمپ,خط و خش جزیی,۲ ماه,۲۶۲٬۰۰۰٬۰۰۰ تومان
۱۳۸۹,سفید,۱۴۸٬۰۰۰,سالم,سالم و پلمپ,سالم و بی‌خط و خش,۷ ماه,۲۶۵٬۰۰۰٬۰۰۰ تومان
,,,,,,,
۱۴۰۱,سفید,۰,سالم,سالم و پلمپ,سالم و بی‌خط و خش,۱۲ ماه,۲۵۶٬۰۰۰٬۰۰۰ تومان
۱۳۸۱,ذغالی,۸۰٬۰۰۰,سالم,سالم و پلمپ,خط و خش جزیی,۱ ماه,۱۷۸٬۰۰۰٬۰۰۰ تومان
۱۳۸۳,خاکستری,۲۴۰٬۰۰۰,سالم,سالم و پلمپ,سالم و بی‌خط و خش,۹ ماه,۲۰۲٬۰۰۰٬۰۰۰ تومان
۱۳۸۳,نقره‌ای,۲۷۸٬۰۰۰,سالم,سالم و پلمپ,دوررنگ,۴ ماه,۱۷۰٬۰۰۰٬۰۰۰ تومان
۱۳۸۱,مشکی,۲۷۰٬۰۰۰,سالم,سالم و پلمپ,دوررنگ,۴ ماه,۱۹۰٬۰۰۰٬۰۰۰ تومان
۱۳۸۸,مشکی,۱۶۶٬۰۰۰,سالم,سالم و پلمپ,سالم و بی‌خط و خش,۹ ماه,۳۲۵٬۰۰۰٬۰۰۰ تومان
۱۳۹۶,مشکی,۱۸۴٬۰۰۰,سالم,سالم و پلمپ,رنگ‌شدگی، در ۲ ناحیه,۹ ماه,۳۳۶٬۰۰۰٬۰۰۰ تومان
۱۳۸۲,نقرآبی,۱۰۰٬۰۰۰,سالم,سالم و پلمپ,دوررنگ,۸ ماه,۱۶۰٬۰۰۰٬۰۰۰ تومان
۱۳۹۷,نوک‌مدادی,۸۰٬۰۰۰,سالم,سالم و پلمپ,سالم و بی‌خط و خش,۶ ماه,۴۰۰٬۰۰۰٬۰۰۰ تومان
۱۴۰۱,سفید,۰,سالم,سالم و پلمپ,سالم و بی‌خط و خش,,۴۹۸٬۵۰۰٬۰۰۰ تومان
۱۳۹۰,مشکی,۸۷٬۰۰۰,سالم,سالم و پلمپ,سالم و بی‌خط و خش,۸ ماه,۳۴۷٬۰۰۰٬۰۰۰ تومان
۱۳۹۶,سفید,۱۷۹٬۰۰۰,سالم,سالم و پلمپ,سالم و بی‌خط و خش,۸ ماه,۳۵۲٬۰۰۰٬۰۰۰ تومان
۱۳۸۹,سفید,۲۳۷٬۰۰۰,سالم,سالم و پلمپ,رنگ‌شدگی,۹ ماه,۲۳۰٬۰۰۰٬۰۰۰ تومان
۱۳۹۵,سفید,۱۳۰٬۰۰۰,سالم,سالم و پلمپ,رنگ‌شدگی، در ۲ ناحیه,۶ ماه,۳۴۰٬۰۰۰٬۰۰۰ تومان
۱۳۹۰,سفید,۲۶۰٬۰۰۰,سالم,سالم و پلمپ,سالم و بی‌خط و خش,۷ ماه,۳۰۰٬۰۰۰٬۰۰۰ تومان
,,,,,,,
۱۳۹۵,سفید,۱۲۰٬۰۰۰,سالم,سالم و پلمپ,سالم و بی‌خط و خش,۶ ماه,۳۷۰٬۰۰۰٬۰۰۰ تومان
۱۳۹۹,نوک‌مدادی,۴۵٬۰۰۰,سالم,سالم و پلمپ,خط و خش جزیی,۶ ماه,۴۱۰٬۰۰۰٬۰۰۰ تومان
۱۳۸۶,نقره‌ای,۱۹۸٬۰۰۰,سالم,سالم و پلمپ,خط و خش جزیی,۲ ماه,۲۲۶٬۰۰۰٬۰۰۰ تومان
۱۳۹۸,سفید,۱۳۰٬۰۰۰,سالم,سالم و پلمپ,سالم و بی‌خط و خش,۱۱ ماه,۳۹۰٬۰۰۰٬۰۰۰ تومان
۱۳۹۸,سفید صدفی,۴۴٬۰۰۰,سالم,سالم و پلمپ,صافکاری بی‌رنگ,۱۱ ماه,۴۲۰٬۰۰۰٬۰۰۰ تومان
,,,,,,,
۱۴۰۰,سفید,۴۱٬۰۰۰,سالم,سالم و پلمپ,خط و خش جزیی,۳ ماه,۴۶۰٬۰۰۰٬۰۰۰ تومان
۱۳۹۶,سفید,۷۲٬۰۰۰,سالم,سالم و پلمپ,خط و خش جزیی,۴ ماه,۳۵۵٬۰۰۰٬۰۰۰ تومان
